Repetição,Cenário,Método,N apagado,MAE,RMSE,MAPE (%)
0,Aleatório 10%,Média global,8,65.3375,80.8022835866196,12.24779404149292
0,Aleatório 10%,Linear,8,20.231249999999996,25.85863612992766,3.76683815573705
0,Aleatório 10%,PCHIP,8,20.494753391902947,27.91818608160574,3.811415962929962
0,Aleatório 10%,Harmônica log,8,15.197467961237948,20.56424620260463,2.721062650154833
0,Aleatório 10%,Harmônica + resíduo,8,25.798808853313105,32.47024730150012,4.933589054020915
0,Aleatório 20%,Média global,16,87.5669894366197,110.75281474476891,14.192729479871884
0,Aleatório 20%,Linear,16,28.15781249999999,33.21853885686006,4.499460850680041
0,Aleatório 20%,PCHIP,16,32.22206275267082,42.869309297851515,5.1487178772614435
0,Aleatório 20%,Harmônica log,16,15.453025682309999,17.587619610794146,2.5046827511029055
0,Aleatório 20%,Harmônica + resíduo,16,23.587582167401205,28.89463982588693,4.047258106316938
0,Bloco 3 meses,Média global,3,146.61547619047624,152.23989137288157,34.716800446864866
0,Bloco 3 meses,Linear,3,36.23333333333335,51.74491923528985,9.19151486479581
0,Bloco 3 meses,PCHIP,3,36.16534784845777,51.66926407964743,9.173925225574564
0,Bloco 3 meses,Harmônica log,3,32.32803777144672,35.44660111104636,7.646017378268153
0,Bloco 3 meses,Harmônica + resíduo,3,30.27891301232008,34.232829070291054,7.071697896043548
0,Bloco 6 meses,Média global,6,60.61666666666667,76.09428770344292,11.203568905625227
0,Bloco 6 meses,Linear,6,99.60555555555555,111.9750458127777,18.928029950295407
0,Bloco 6 meses,PCHIP,6,113.84876380043556,123.98934069470374,21.38357837745251
0,Bloco 6 meses,Harmônica log,6,42.57735391261198,56.45683410081691,8.357155125221388
0,Bloco 6 meses,Harmônica + resíduo,6,32.24287478765881,47.26157559570587,6.440367541343623
1,Aleatório 10%,Média global,8,58.372626582278514,73.85718393366213,11.518374753994063
1,Aleatório 10%,Linear,8,31.657500000000013,38.103636637465485,5.990476347588749
1,Aleatório 10%,PCHIP,8,30.524340387858828,36.82672568715438,5.854228179066212
1,Aleatório 10%,Harmônica log,8,24.065426498121177,25.969995762946386,4.5284329105322065
1,Aleatório 10%,Harmônica + resíduo,8,24.892039420433655,30.61900922442853,4.766172897433475
1,Aleatório 20%,Média global,16,88.4248214285714,98.85496384623693,15.96875057108097
1,Aleatório 20%,Linear,16,39.160937499999996,48.98931222903227,7.150007600496014
1,Aleatório 20%,PCHIP,16,39.75069332887766,49.140900891976536,7.237559930724647
1,Aleatório 20%,Harmônica log,16,19.64844086448419,27.408435650453082,3.536103850462749
1,Aleatório 20%,Harmônica + resíduo,16,28.53112929903319,37.908935634698494,5.266301497580407
1,Bloco 3 meses,Média global,3,35.67372549019611,43.49948362789937,5.81133460670947
1,Bloco 3 meses,Linear,3,16.800000000000068,20.496991649182768,2.752468043154008
1,Bloco 3 meses,PCHIP,3,16.19999999999997,16.640024539244706,2.751934356162219
1,Bloco 3 meses,Harmônica log,3,14.105762629496288,15.347629556388796,2.359865122215743
1,Bloco 3 meses,Harmônica + resíduo,3,16.15981279818584,17.192651832150677,2.7499889696788014
1,Bloco 6 meses,Média global,6,63.696747967479666,81.69973774760214,9.51821925145852
1,Bloco 6 meses,Linear,6,81.71666666666667,83.77029675874151,12.973665236755163
1,Bloco 6 meses,PCHIP,6,81.71666666666667,82.4468913589686,13.220580290285874
1,Bloco 6 meses,Harmônica log,6,21.659290979014163,27.474417129960848,3.6352451848478275
1,Bloco 6 meses,Harmônica + resíduo,6,41.39302064118519,47.54408650699545,6.994033888346034
2,Aleatório 10%,Média global,8,122.54937500000003,144.35876370284038,16.989851054124337
2,Aleatório 10%,Linear,8,33.781249999999986,38.24669511866352,5.099205386132017
2,Aleatório 10%,PCHIP,8,30.96917287492998,35.11220090742996,4.721659636481918
2,Aleatório 10%,Harmônica log,8,24.786924876794643,30.666576424071796,3.678601974782186
2,Aleatório 10%,Harmônica + resíduo,8,17.19250831644328,30.498466536597466,2.5114956133479374
2,Aleatório 20%,Média global,16,78.75347222222223,89.12864497420722,13.146840962578887
2,Aleatório 20%,Linear,16,25.821874999999995,33.7990458958862,4.177443366217748
2,Aleatório 20%,PCHIP,16,25.642393233248598,33.27914234641618,4.113475964982748
2,Aleatório 20%,Harmônica log,16,25.330509984904747,30.131521907368967,4.220683983974621
2,Aleatório 20%,Harmônica + resíduo,16,30.136560509238002,33.876828554516656,5.040901977260178
2,Bloco 3 meses,Média global,3,177.03764705882347,188.8447734943293,23.02599498978295
2,Bloco 3 meses,Linear,3,17.966666666666697,22.546433568674846,2.3409642466707457
2,Bloco 3 meses,PCHIP,3,5.600000000000023,8.229331749399005,0.6935649605423474
2,Bloco 3 meses,Harmônica log,3,25.505023533825618,25.94792091115085,3.3749337895508815
2,Bloco 3 meses,Harmônica + resíduo,3,25.982220528977148,28.687613980922148,3.4289387506731948
2,Bloco 6 meses,Média global,6,174.26747967479682,191.36235051448324,22.648435999183125
2,Bloco 6 meses,Linear,6,77.61190476190478,96.12959878156553,9.905835607816488
2,Bloco 6 meses,PCHIP,6,77.87074168636177,96.15699902952409,9.94862812709958
2,Bloco 6 meses,Harmônica log,6,30.15320709063832,31.878495859062962,4.190551114510929
2,Bloco 6 meses,Harmônica + resíduo,6,37.39778222929624,53.32705652747147,5.618430941044648
3,Aleatório 10%,Média global,8,113.9078125,121.86118463363346,18.38159649190772
3,Aleatório 10%,Linear,8,22.625,29.0240668813544,3.70576387571646
3,Aleatório 10%,PCHIP,8,22.49761381560159,31.834976189732707,3.7652484073745565
3,Aleatório 10%,Harmônica log,8,33.858602364407076,38.19873004792834,5.503261338520122
3,Aleatório 10%,Harmônica + resíduo,8,39.156201734736776,42.94284392521765,6.348256627291823
3,Aleatório 20%,Média global,16,87.11612318840582,100.75743046233981,16.908296222321226
3,Aleatório 20%,Linear,16,40.89427083333332,55.17593156874804,7.834839918687211
3,Aleatório 20%,PCHIP,16,41.195676098295664,56.202239163697016,7.962197595148806
3,Aleatório 20%,Harmônica log,16,24.803834339108246,30.471191518863236,4.654782513789636
3,Aleatório 20%,Harmônica + resíduo,16,30.13469298026745,40.65470180528044,5.930997660022838
3,Bloco 3 meses,Média global,3,104.80392156862744,106.58654166944297,22.148944840694572
3,Bloco 3 meses,Linear,3,5.300000000000011,5.891342518192842,1.090212405968201
3,Bloco 3 meses,PCHIP,3,3.6166666666666365,3.7828982289266504,0.7666320158137104
3,Bloco 3 meses,Harmônica log,3,12.33403744838256,13.774935961760484,2.547467604278883
3,Bloco 3 meses,Harmônica + resíduo,3,11.692179676079945,13.271475222822387,2.5013726352355206
3,Bloco 6 meses,Média global,6,171.62032520325204,189.45090149805446,22.339809361382624
3,Bloco 6 meses,Linear,6,76.19523809523805,95.59736746724073,9.613339934446314
3,Bloco 6 meses,PCHIP,6,73.69669582118559,92.0804981424535,9.307512976227843
3,Bloco 6 meses,Harmônica log,6,37.33405450023472,39.82424020222638,5.178634647294
3,Bloco 6 meses,Harmônica + resíduo,6,42.03988923649346,43.766889920848094,5.733527805042789
4,Aleatório 10%,Média global,8,78.97500000000002,100.4796455906187,16.503476062479912
4,Aleatório 10%,Linear,8,36.797916666666666,47.57003864186878,7.341036247397416
4,Aleatório 10%,PCHIP,8,38.034368382347466,51.30615429905101,7.5484274545436545
4,Aleatório 10%,Harmônica log,8,24.681743776426757,30.799639590317458,4.692300825076937
4,Aleatório 10%,Harmônica + resíduo,8,48.14213789733481,55.21307495836877,9.153195348120049
4,Aleatório 20%,Média global,16,110.42173913043479,133.9875028911349,19.65808878747572
4,Aleatório 20%,Linear,16,37.828124999999986,48.215040767897314,7.0753871365075796
4,Aleatório 20%,PCHIP,16,38.53386448279637,47.525559701633725,7.253076790868509
4,Aleatório 20%,Harmônica log,16,19.548543706205415,24.950958965093967,3.749218692679526
4,Aleatório 20%,Harmônica + resíduo,16,29.267851213349058,37.00199614227528,5.667527200682845
4,Bloco 3 meses,Média global,3,170.37261904761905,174.88168822578504,42.4049910011102
4,Bloco 3 meses,Linear,3,41.433333333333316,57.21447951931981,11.051906825007878
4,Bloco 3 meses,PCHIP,3,41.433333333333316,57.21447951931981,11.051906825007878
4,Bloco 3 meses,Harmônica log,3,25.685987969967737,30.784041900606102,6.513729188634605
4,Bloco 3 meses,Harmônica + resíduo,3,27.808968382559897,32.98045652705624,7.172003850331464
4,Bloco 6 meses,Média global,6,40.20406504065039,48.91779613599022,6.708817673561156
4,Bloco 6 meses,Linear,6,50.059523809523775,64.79030093492463,8.053675536626086
4,Bloco 6 meses,PCHIP,6,50.253123748694826,65.16039878946363,8.086008916955072
4,Bloco 6 meses,Harmônica log,6,11.291414667220883,12.523223639067943,1.9198415452659077
4,Bloco 6 meses,Harmônica + resíduo,6,23.932824527588707,26.390437717881554,4.218700427907049
5,Aleatório 10%,Média global,8,115.02628205128207,133.305551056481,21.978695353048057
5,Aleatório 10%,Linear,8,39.64229166666666,54.575443466030464,8.434470430824579
5,Aleatório 10%,PCHIP,8,37.98822539417919,52.44893605336597,8.124551900722803
5,Aleatório 10%,Harmônica log,8,35.816590541139085,50.382037573826494,7.6264710740486965
5,Aleatório 10%,Harmônica + resíduo,8,40.48260530758468,48.02142723707293,8.399524647313447
5,Aleatório 20%,Média global,16,100.73785714285717,117.10847183491981,17.576754825641178
5,Aleatório 20%,Linear,16,41.96052083333332,50.91506227866443,7.66912502494552
5,Aleatório 20%,PCHIP,16,39.652427515942975,49.11584710138098,7.299931962011362
5,Aleatório 20%,Harmônica log,16,24.630124014651706,36.55310409868073,4.6761989346230495
5,Aleatório 20%,Harmônica + resíduo,16,30.301645047900745,39.82059591700983,5.534255867403027
5,Bloco 3 meses,Média global,3,83.99450980392163,84.32587522674545,16.90731386555998
5,Bloco 3 meses,Linear,3,35.01333333333338,39.31677504577407,7.082572085741782
5,Bloco 3 meses,PCHIP,3,48.361264407873534,51.41261095092782,9.767292976839666
5,Bloco 3 meses,Harmônica log,3,10.926148889888168,14.43466470263117,2.220792869600897
5,Bloco 3 meses,Harmônica + resíduo,3,16.057916316325095,20.86021222001527,3.2549708960257933
5,Bloco 6 meses,Média global,6,44.60650406504067,47.735068906308165,8.325391560632434
5,Bloco 6 meses,Linear,6,45.08958333333333,51.433590627056816,7.988140943860393
5,Bloco 6 meses,PCHIP,6,49.68060586001309,54.37525979112516,8.915099410404991
5,Bloco 6 meses,Harmônica log,6,9.989512422397183,11.636048362580093,1.812885126995068
5,Bloco 6 meses,Harmônica + resíduo,6,21.967518942619336,28.329118855548607,4.029751218423185
6,Aleatório 10%,Média global,8,137.76562500000003,157.51530443995753,20.85742200208061
6,Aleatório 10%,Linear,8,44.56875000000001,49.39878505872162,6.5897195976605065
6,Aleatório 10%,PCHIP,8,42.77745044587158,48.313173785132705,6.411037844722861
6,Aleatório 10%,Harmônica log,8,26.545790321171495,30.44641376807819,4.106202946716317
6,Aleatório 10%,Harmônica + resíduo,8,33.957734549642666,41.32376952319041,5.756817838800152
6,Aleatório 20%,Média global,16,89.03125,112.17723420997685,14.489074930562202
6,Aleatório 20%,Linear,16,34.42291666666668,43.99924399603046,6.020994142204106
6,Aleatório 20%,PCHIP,16,34.260006039724516,44.85175985173691,6.111286831134433
6,Aleatório 20%,Harmônica log,16,25.557904435896013,30.48714346816901,4.4100016800792545
6,Aleatório 20%,Harmônica + resíduo,16,29.558852229311494,38.48751032781177,5.232117076041747
6,Bloco 3 meses,Média global,3,125.92392156862745,126.10951422782261,27.578946810670786
6,Bloco 3 meses,Linear,3,48.3733333333333,49.16165714592349,10.613321834634883
6,Bloco 3 meses,PCHIP,3,52.8008163536476,53.45420243003835,11.581485965320597
6,Bloco 3 meses,Harmônica log,3,14.473919730349715,14.865388984982756,3.1588735218244435
6,Bloco 3 meses,Harmônica + resíduo,3,12.523047140293405,14.119163247889293,2.73361172122045
6,Bloco 6 meses,Média global,6,143.27901234567904,149.8762409489091,33.53764311139953
6,Bloco 6 meses,Linear,6,66.03333333333332,79.3373388344563,16.043737393093792
6,Bloco 6 meses,PCHIP,6,66.03333333333332,79.3373388344563,16.043737393093792
6,Bloco 6 meses,Harmônica log,6,19.195528067957884,23.818805890923873,4.575987484469473
6,Bloco 6 meses,Harmônica + resíduo,6,25.352793832744748,29.064623561869748,5.841116790528722
7,Aleatório 10%,Média global,8,106.92531250000003,133.23345899327435,15.594409043494977
7,Aleatório 10%,Linear,8,29.80208333333332,44.29960692388942,4.262082542083284
7,Aleatório 10%,PCHIP,8,29.25739157508596,44.83128602193835,4.1985465452280115
7,Aleatório 10%,Harmônica log,8,29.979659110645876,35.20323444341689,4.544241956378369
7,Aleatório 10%,Harmônica + resíduo,8,41.39597227601553,50.65236800424247,6.577707467579019
7,Aleatório 20%,Média global,16,91.42499999999998,104.0825586022869,17.933325272581836
7,Aleatório 20%,Linear,16,35.00156250000001,44.04001499780564,6.539798934219379
7,Aleatório 20%,PCHIP,16,34.378153720401485,43.42760927053969,6.452846114025304
7,Aleatório 20%,Harmônica log,16,16.154900506541438,20.202589810049787,3.1740401095194395
7,Aleatório 20%,Harmônica + resíduo,16,25.988910948899907,32.98427362268152,5.17320213518947
7,Bloco 3 meses,Média global,3,117.09411764705878,117.73900113192418,16.900037800002245
7,Bloco 3 meses,Linear,3,160.20000000000002,160.67196395140004,23.195481320856445
7,Bloco 3 meses,PCHIP,3,160.20000000000002,160.67196395140004,23.195481320856445
7,Bloco 3 meses,Harmônica log,3,31.124703997952412,41.98930871209757,4.515985676700165
7,Bloco 3 meses,Harmônica + resíduo,3,49.117188032804314,57.41337120645996,7.115806463810608
7,Bloco 6 meses,Média global,6,66.46260162601628,72.77268011042398,13.220818678843434
7,Bloco 6 meses,Linear,6,37.72916666666666,48.61447293930755,6.996362788535443
7,Bloco 6 meses,PCHIP,6,34.54226499559416,46.076666486503505,6.379860532292847
7,Bloco 6 meses,Harmônica log,6,8.28765650447959,10.96819591057005,1.633155958803118
7,Bloco 6 meses,Harmônica + resíduo,6,9.831459037053671,15.632843714279726,1.9713774993027882
8,Aleatório 10%,Média global,8,91.98750000000001,109.18755089491393,15.710016251278347
8,Aleatório 10%,Linear,8,32.91875,37.70417334327858,5.460079710469039
8,Aleatório 10%,PCHIP,8,32.92723412145439,39.56122435213061,5.565484477697461
8,Aleatório 10%,Harmônica log,8,9.983008172083856,11.809661583884402,1.7149645854971536
8,Aleatório 10%,Harmônica + resíduo,8,26.840731415146244,32.666206836564,4.81824331261199
8,Aleatório 20%,Média global,16,64.71909722222225,82.54753629549941,10.742058856873605
8,Aleatório 20%,Linear,16,32.2625,43.48759305825054,5.183934397482834
8,Aleatório 20%,PCHIP,16,30.46331026855356,42.35332888598011,4.9476679817952105
8,Aleatório 20%,Harmônica log,16,14.31601715664074,18.530753916641657,2.427423667191534
8,Aleatório 20%,Harmônica + resíduo,16,18.22508417244608,24.628928724292322,3.112945916500911
8,Bloco 3 meses,Média global,3,44.72784313725489,48.80297681279368,8.428612345571539
8,Bloco 3 meses,Linear,3,28.466666666666622,31.044940543240394,5.361335195836328
8,Bloco 3 meses,PCHIP,3,23.704166666666612,27.734643367246132,4.499682702476403
8,Bloco 3 meses,Harmônica log,3,9.554489863994812,11.45535991693444,1.7822165921965232
8,Bloco 3 meses,Harmônica + resíduo,3,14.246133661211994,16.47637373828442,2.6200816014118553
8,Bloco 6 meses,Média global,6,33.76747967479671,44.198025443489136,5.439871837074775
8,Bloco 6 meses,Linear,6,41.92916666666662,50.60360967855946,6.86262084747655
8,Bloco 6 meses,PCHIP,6,44.02975294581703,49.80941013248945,7.337338442171572
8,Bloco 6 meses,Harmônica log,6,12.9368597754379,14.391012186088822,2.194162000408456
8,Bloco 6 meses,Harmônica + resíduo,6,20.756743104658124,25.97878086249057,3.571116504098986
9,Aleatório 10%,Média global,8,67.95031645569621,76.84636922866054,11.56280811650289
9,Aleatório 10%,Linear,8,40.47291666666666,55.336348123192145,6.991866534987462
9,Aleatório 10%,PCHIP,8,39.686521318299,56.10979346796083,6.85596789072473
9,Aleatório 10%,Harmônica log,8,26.4017320201091,34.07574545942582,4.408906854430859
9,Aleatório 10%,Harmônica + resíduo,8,40.469161443346735,48.5689358106939,6.932171931280168
9,Aleatório 20%,Média global,16,74.95625000000001,92.48886812498473,14.39596120520993
9,Aleatório 20%,Linear,16,31.943333333333307,41.12655258805163,5.831468243513841
9,Aleatório 20%,PCHIP,16,33.82034772295096,43.54206263975372,6.118566157276882
9,Aleatório 20%,Harmônica log,16,20.85794563217292,26.871938389267058,3.729347910388206
9,Aleatório 20%,Harmônica + resíduo,16,27.511515596244816,37.87135617689096,4.951082937229459
9,Bloco 3 meses,Média global,3,113.88000000000005,114.192736488214,24.33782846476097
9,Bloco 3 meses,Linear,3,31.849999999999984,40.75859316348721,6.751592973907853
9,Bloco 3 meses,PCHIP,3,48.92020189585128,55.84461932881436,10.40280380565337
9,Bloco 3 meses,Harmônica log,3,19.009129081071574,24.625588010176564,4.031302230271862
9,Bloco 3 meses,Harmônica + resíduo,3,33.45105256117247,44.57024750603075,7.070333839334141
9,Bloco 6 meses,Média global,6,79.58395061728389,86.96035952630224,16.26812597344063
9,Bloco 6 meses,Linear,6,56.83148148148152,61.807068562421236,11.574920515939425
9,Bloco 6 meses,PCHIP,6,67.66001125197899,74.36605578675233,13.822311547547459
9,Bloco 6 meses,Harmônica log,6,17.4028596519328,23.58463389776516,3.3554981055386395
9,Bloco 6 meses,Harmônica + resíduo,6,16.44629596716672,25.151829743995346,3.1106219899480037
10,Aleatório 10%,Média global,8,72.65993589743587,94.06717036826072,12.681944548179086
10,Aleatório 10%,Linear,8,59.21107142857145,76.16152833596101,11.636782550532738
10,Aleatório 10%,PCHIP,8,54.06037360616548,73.61584396622172,10.828892981153555
10,Aleatório 10%,Harmônica log,8,39.553376550794475,51.520786451293574,7.6995086208265615
10,Aleatório 10%,Harmônica + resíduo,8,38.692231417453065,50.015962153103686,7.583471919123855
10,Aleatório 20%,Média global,16,102.04755434782612,115.64039316122219,18.189806771411046
10,Aleatório 20%,Linear,16,37.0015625,48.53687918988051,7.160980541858847
10,Aleatório 20%,PCHIP,16,34.98692386571777,47.22822205617313,6.939167639459947
10,Aleatório 20%,Harmônica log,16,22.639488974557963,35.542400612405594,4.490552661211762
10,Aleatório 20%,Harmônica + resíduo,16,28.79353958335486,39.55949886577783,5.8560399597587365
10,Bloco 3 meses,Média global,3,42.858823529411744,51.85208534210806,8.307769319366638
10,Bloco 3 meses,Linear,3,46.54999999999999,54.650003812137705,8.389578253528212
10,Bloco 3 meses,PCHIP,3,46.54999999999999,54.542380370776044,8.391803909163285
10,Bloco 3 meses,Harmônica log,3,6.478664424999863,6.638340163815875,1.2122257771429148
10,Bloco 3 meses,Harmônica + resíduo,3,16.64984409980703,18.01118194411883,3.154476214293305
10,Bloco 6 meses,Média global,6,58.31626016260166,65.12744667519452,11.38752520411507
10,Bloco 6 meses,Linear,6,47.43333333333331,57.814555754955485,8.389764579419753
10,Bloco 6 meses,PCHIP,6,47.43333333333329,55.60696741825952,8.478626846022213
10,Bloco 6 meses,Harmônica log,6,17.723406833896075,23.561822361750828,3.3716602349746654
10,Bloco 6 meses,Harmônica + resíduo,6,16.48983604329202,24.409634528366198,3.123691901417662
11,Aleatório 10%,Média global,8,92.15174050632913,108.23989414511524,16.45091502455266
11,Aleatório 10%,Linear,8,34.25624999999999,44.596107593600586,6.641921275151594
11,Aleatório 10%,PCHIP,8,33.47172264980191,46.2898563432957,6.594214359973942
11,Aleatório 10%,Harmônica log,8,18.830413911446513,23.026794345628204,3.570270751588647
11,Aleatório 10%,Harmônica + resíduo,8,31.10028644099014,40.0197111740273,5.914764113621225
11,Aleatório 20%,Média global,16,74.23214285714278,83.02384705981909,14.62807064733841
11,Aleatório 20%,Linear,16,26.215624999999996,36.79457967894184,4.86326473391486
11,Aleatório 20%,PCHIP,16,27.80644828701145,38.56896697974559,5.176645338105816
11,Aleatório 20%,Harmônica log,16,16.70349795536895,25.37793474525158,2.9691840557062803
11,Aleatório 20%,Harmônica + resíduo,16,22.52507211159906,33.85810590462199,4.075674188845721
11,Bloco 3 meses,Média global,3,135.65568627450975,135.8126679443555,30.330319116873955
11,Bloco 3 meses,Linear,3,31.76666666666667,36.853448504402785,7.131522472745126
11,Bloco 3 meses,PCHIP,3,44.213022252497716,49.55457080544773,9.925919541648694
11,Bloco 3 meses,Harmônica log,3,16.95644350916213,22.204127409723846,3.79145260609604
11,Bloco 3 meses,Harmônica + resíduo,3,34.83734736297796,41.019941254057095,7.809820298958611
11,Bloco 6 meses,Média global,6,79.58395061728389,86.96035952630224,16.26812597344063
11,Bloco 6 meses,Linear,6,56.83148148148152,61.807068562421236,11.574920515939425
11,Bloco 6 meses,PCHIP,6,67.66001125197899,74.36605578675233,13.822311547547459
11,Bloco 6 meses,Harmônica log,6,17.4028596519328,23.58463389776516,3.3554981055386395
11,Bloco 6 meses,Harmônica + resíduo,6,16.44629596716672,25.151829743995346,3.1106219899480037
12,Aleatório 10%,Média global,8,76.73687499999994,88.3003870054514,15.194442940479675
12,Aleatório 10%,Linear,8,20.30625,27.059996997412988,3.721877257962775
12,Aleatório 10%,PCHIP,8,21.274039834685794,28.419534844995813,3.9340728565788337
12,Aleatório 10%,Harmônica log,8,22.55561176906958,29.621340053831112,3.993920331648143
12,Aleatório 10%,Harmônica + resíduo,8,34.54624044388074,41.50950924774507,6.325229278704994
12,Aleatório 20%,Média global,16,75.15267857142857,87.88982406097641,13.038771199685991
12,Aleatório 20%,Linear,16,34.82291666666667,46.84130390730077,6.387199582684964
12,Aleatório 20%,PCHIP,16,33.75755140751285,47.17229066222919,6.217747982552164
12,Aleatório 20%,Harmônica log,16,29.349291062175865,41.7144144223858,5.2274790555466435
12,Aleatório 20%,Harmônica + resíduo,16,39.40249290319222,50.71286943932686,6.955988783565653
12,Bloco 3 meses,Média global,3,100.76190476190474,104.21991335697824,21.25710234541352
12,Bloco 3 meses,Linear,3,26.888888888888896,32.69795553694904,5.786915697302762
12,Bloco 3 meses,PCHIP,3,26.824691358024683,32.67697004443442,5.7706606020652575
12,Bloco 3 meses,Harmônica log,3,23.124084343669022,30.567120391689755,4.593748053343362
12,Bloco 3 meses,Harmônica + resíduo,3,22.306367809110117,34.02869402090625,4.389670491341135
12,Bloco 6 meses,Média global,6,107.00555555555552,118.96541280743925,15.519907518981938
12,Bloco 6 meses,Linear,6,62.77222222222224,77.49040920345254,10.41366183531069
12,Bloco 6 meses,PCHIP,6,77.91121719762516,92.62393940728977,12.844481924754362
12,Bloco 6 meses,Harmônica log,6,33.89041706944632,40.12933814764304,5.3165046361144555
12,Bloco 6 meses,Harmônica + resíduo,6,39.68303670256811,44.27272275617246,6.108212313818312
13,Aleatório 10%,Média global,8,97.34999999999998,112.9241682625016,21.036967512804377
13,Aleatório 10%,Linear,8,34.97625,44.90467194513284,7.339870922257605
13,Aleatório 10%,PCHIP,8,35.33341328653954,44.964098583828864,7.4287071970295955
13,Aleatório 10%,Harmônica log,8,22.71920517831321,28.669664894448065,4.787495332900662
13,Aleatório 10%,Harmônica + resíduo,8,23.396759467939575,29.90258457520715,4.8323948467723365
13,Aleatório 20%,Média global,16,98.45607142857142,118.9363937925114,19.020381943663633
13,Aleatório 20%,Linear,16,34.094374999999985,42.36438089657394,6.91704019684064
13,Aleatório 20%,PCHIP,16,34.69178319107185,43.07409234955347,7.115017503779167
13,Aleatório 20%,Harmônica log,16,23.866793406543678,29.431523038975353,4.635207523692103
13,Aleatório 20%,Harmônica + resíduo,16,29.915017981695748,39.72076428150192,6.143007392387702
13,Bloco 3 meses,Média global,3,36.01568627450979,46.113919667296685,5.843500843158159
13,Bloco 3 meses,Linear,3,31.49999999999996,31.942859139407002,5.4188550564097575
13,Bloco 3 meses,PCHIP,3,26.268749999999994,27.134351426628,4.5405303487392805
13,Bloco 3 meses,Harmônica log,3,12.098239038338571,13.888827700018066,2.113395956402931
13,Bloco 3 meses,Harmônica + resíduo,3,11.761796552217826,16.114714060967145,2.104571266927817
13,Bloco 6 meses,Média global,6,182.70975609756098,195.68471445984284,23.7515133022104
13,Bloco 6 meses,Linear,6,89.45,114.33504128947811,11.190746928909594
13,Bloco 6 meses,PCHIP,6,102.76428571428572,126.67866819232857,12.94490690655731
13,Bloco 6 meses,Harmônica log,6,22.46097343201531,23.969652257506542,2.9418151111401833
13,Bloco 6 meses,Harmônica + resíduo,6,63.25513649344354,67.88577504911402,8.256481238382603
14,Aleatório 10%,Média global,8,74.20250000000001,89.74002228660301,11.67745368435886
14,Aleatório 10%,Linear,8,28.218749999999986,32.563673203433275,4.683367573609613
14,Aleatório 10%,PCHIP,8,28.198745463651676,32.77374565676464,4.654388419495698
14,Aleatório 10%,Harmônica log,8,24.615142229171646,31.355546900661963,3.8832995745564576
14,Aleatório 10%,Harmônica + resíduo,8,31.8654872301967,39.36384381028593,4.956315334300232
14,Aleatório 20%,Média global,16,67.41250000000001,81.11830650352609,11.660920299804122
14,Aleatório 20%,Linear,16,29.15937499999999,35.98822941254542,5.372154285130449
14,Aleatório 20%,PCHIP,16,29.238551691347503,35.03894458898936,5.370494039027853
14,Aleatório 20%,Harmônica log,16,21.186416516669194,27.83149354562525,3.724433253189438
14,Aleatório 20%,Harmônica + resíduo,16,25.125070363186662,34.439281794455546,4.466544655202709
14,Bloco 3 meses,Média global,3,30.758431372549012,35.973029420313495,5.051581952758846
14,Bloco 3 meses,Linear,3,20.91666666666659,21.478429101465103,3.56727266898855
14,Bloco 3 meses,PCHIP,3,27.915634571619268,29.55124270654483,4.789699158329438
14,Bloco 3 meses,Harmônica log,3,24.928765618406526,32.017956133112556,4.380945280422555
14,Bloco 3 meses,Harmônica + resíduo,3,18.473248921035218,22.7888729102227,3.151005759170423
14,Bloco 6 meses,Média global,6,171.62032520325204,189.45090149805446,22.339809361382624
14,Bloco 6 meses,Linear,6,76.19523809523805,95.59736746724073,9.613339934446314
14,Bloco 6 meses,PCHIP,6,73.69669582118559,92.0804981424535,9.307512976227843
14,Bloco 6 meses,Harmônica log,6,37.33405450023472,39.82424020222638,5.178634647294
14,Bloco 6 meses,Harmônica + resíduo,6,42.03988923649346,43.766889920848094,5.733527805042789
15,Aleatório 10%,Média global,8,109.51156249999998,131.79669801558953,17.67038407628579
15,Aleatório 10%,Linear,8,17.993749999999984,22.32262414258481,3.060448934269968
15,Aleatório 10%,PCHIP,8,12.971085691544268,16.606435541367414,2.3774545619230785
15,Aleatório 10%,Harmônica log,8,22.967909651411617,30.076118176829787,3.6662593737152407
15,Aleatório 10%,Harmônica + resíduo,8,23.160123782488505,31.700004255442416,3.7692144472676534
15,Aleatório 20%,Média global,16,102.92500000000001,126.71273851145047,17.23697477370907
15,Aleatório 20%,Linear,16,33.35000000000001,41.965610921324625,5.873815025872328
15,Aleatório 20%,PCHIP,16,33.40857169212197,40.919451133941884,5.930059745636694
15,Aleatório 20%,Harmônica log,16,21.25566239593296,28.695211475394732,3.616268864441252
15,Aleatório 20%,Harmônica + resíduo,16,24.23435519577586,34.5799285982624,4.5035041867507895
15,Bloco 3 meses,Média global,3,49.7443137254902,59.79562633051324,7.669015872327472
15,Bloco 3 meses,Linear,3,67.7,75.22994749433232,10.55656493154095
15,Bloco 3 meses,PCHIP,3,67.70000000000005,74.74914453941936,10.567899868800982
15,Bloco 3 meses,Harmônica log,3,11.752623911079468,13.417349155877611,1.8473529746318023
15,Bloco 3 meses,Harmônica + resíduo,3,9.42789949854398,9.765844566067225,1.5292829103056107
15,Bloco 6 meses,Média global,6,60.61666666666667,76.09428770344292,11.203568905625227
15,Bloco 6 meses,Linear,6,99.60555555555555,111.9750458127777,18.928029950295407
15,Bloco 6 meses,PCHIP,6,113.84876380043556,123.98934069470374,21.38357837745251
15,Bloco 6 meses,Harmônica log,6,42.57735391261198,56.45683410081691,8.357155125221388
15,Bloco 6 meses,Harmônica + resíduo,6,32.24287478765881,47.26157559570587,6.440367541343623
16,Aleatório 10%,Média global,8,77.02499999999998,96.11946702304763,13.133537002523266
16,Aleatório 10%,Linear,8,34.99270833333332,49.855370075321076,6.766645904161411
16,Aleatório 10%,PCHIP,8,33.60975791096086,48.73894174792929,6.525835390760198
16,Aleatório 10%,Harmônica log,8,28.773391741275184,45.73005642298993,5.568497072891851
16,Aleatório 10%,Harmônica + resíduo,8,34.54853887296495,46.84816864933519,6.360120193209159
16,Aleatório 20%,Média global,16,81.75055147058822,95.3883373911657,16.71656020945469
16,Aleatório 20%,Linear,16,34.604895833333316,44.97900172310345,6.761087529298221
16,Aleatório 20%,PCHIP,16,34.93343731827973,46.51304279276812,6.802239547174188
16,Aleatório 20%,Harmônica log,16,23.397503346998697,29.639095622181255,4.375564495550431
16,Aleatório 20%,Harmônica + resíduo,16,33.12609071844561,42.28908956190589,6.147114932776253
16,Bloco 3 meses,Média global,3,35.67372549019611,43.49948362789937,5.81133460670947
16,Bloco 3 meses,Linear,3,16.800000000000068,20.496991649182768,2.752468043154008
16,Bloco 3 meses,PCHIP,3,16.19999999999997,16.640024539244706,2.751934356162219
16,Bloco 3 meses,Harmônica log,3,14.105762629496288,15.347629556388796,2.359865122215743
16,Bloco 3 meses,Harmônica + resíduo,3,16.15981279818584,17.192651832150677,2.7499889696788014
16,Bloco 6 meses,Média global,6,114.66585365853659,117.90660355513423,24.714959764600408
16,Bloco 6 meses,Linear,6,63.94999999999999,64.48337733385985,13.540895209107697
16,Bloco 6 meses,PCHIP,6,63.95000000000001,64.4550893270908,13.626130583803194
16,Bloco 6 meses,Harmônica log,6,16.69315884362203,20.328133471345165,3.5139229925521223
16,Bloco 6 meses,Harmônica + resíduo,6,32.8734147080898,40.39161583894739,7.240819307832027
17,Aleatório 10%,Média global,8,60.5653125,71.4421512155989,10.33625150540806
17,Aleatório 10%,Linear,8,31.31250000000002,33.76220149812511,5.3411640306796855
17,Aleatório 10%,PCHIP,8,30.823467398678773,33.99084418390585,5.238738772156356
17,Aleatório 10%,Harmônica log,8,32.31113611008042,38.56691242154633,5.410290858374546
17,Aleatório 10%,Harmônica + resíduo,8,39.540535054932505,45.459482749463746,6.690925823771584
17,Aleatório 20%,Média global,16,93.6720108695652,122.17776220630749,15.96827184892896
17,Aleatório 20%,Linear,16,49.259375,62.853056420423094,8.61761903109789
17,Aleatório 20%,PCHIP,16,47.98364380577411,61.257638190883554,8.431650419020137
17,Aleatório 20%,Harmônica log,16,24.572347548091408,36.30388140507774,4.7731923986203695
17,Aleatório 20%,Harmônica + resíduo,16,30.725680391040026,40.50816468330481,5.874003915717951
17,Bloco 3 meses,Média global,3,91.10352941176467,94.36648277476633,18.874733636408244
17,Bloco 3 meses,Linear,3,29.99999999999996,36.680876034613235,5.908914750719851
17,Bloco 3 meses,PCHIP,3,29.99999999999996,36.01618270537098,5.923780788552791
17,Bloco 3 meses,Harmônica log,3,24.294545057515297,24.566566965402174,4.929870167721425
17,Bloco 3 meses,Harmônica + resíduo,3,31.338972072004196,31.551879722256967,6.375315778897561
17,Bloco 6 meses,Média global,6,107.00555555555552,118.96541280743925,15.519907518981938
17,Bloco 6 meses,Linear,6,62.77222222222224,77.49040920345254,10.41366183531069
17,Bloco 6 meses,PCHIP,6,77.91121719762516,92.62393940728977,12.844481924754362
17,Bloco 6 meses,Harmônica log,6,33.89041706944632,40.12933814764304,5.3165046361144555
17,Bloco 6 meses,Harmônica + resíduo,6,39.68303670256811,44.27272275617246,6.108212313818312
18,Aleatório 10%,Média global,8,94.85000000000002,102.82470714765009,16.04583224468162
18,Aleatório 10%,Linear,8,35.106249999999996,37.395375809643156,6.44029746606267
18,Aleatório 10%,PCHIP,8,34.05661617504488,38.31233372747419,6.3850696886271745
18,Aleatório 10%,Harmônica log,8,24.26672746315768,26.60024098483816,4.310243155281275
18,Aleatório 10%,Harmônica + resíduo,8,28.461358718801144,34.806956291162884,5.0454201716146105
18,Aleatório 20%,Média global,16,125.64548611111111,146.07710739199467,19.611572544169587
18,Aleatório 20%,Linear,16,35.974999999999994,53.47197482807129,5.264353218875785
18,Aleatório 20%,PCHIP,16,34.49780640594989,48.70719974695745,5.165261945454624
18,Aleatório 20%,Harmônica log,16,21.057449143474926,27.075971567217554,3.3833300338696124
18,Aleatório 20%,Harmônica + resíduo,16,27.22400688936389,35.013213669377556,4.678569086461059
18,Bloco 3 meses,Média global,3,85.58196078431375,87.28921793236191,17.396924124379012
18,Bloco 3 meses,Linear,3,39.533333333333324,43.1358319729665,7.856588974765624
18,Bloco 3 meses,PCHIP,3,39.431292517006796,43.03796146432091,7.836071529473627
18,Bloco 3 meses,Harmônica log,3,18.204047682835967,20.694009220051264,3.6042414622386785
18,Bloco 3 meses,Harmônica + resíduo,3,11.528784905128267,13.452255583810107,2.281720202690463
18,Bloco 6 meses,Média global,6,137.86910569105694,146.0897299365726,19.11990356374649
18,Bloco 6 meses,Linear,6,54.33333333333335,66.66355826086694,7.381821775031392
18,Bloco 6 meses,PCHIP,6,54.414965986394556,66.77354754238577,7.3931922578451905
18,Bloco 6 meses,Harmônica log,6,18.224640239412867,20.40206879583428,2.5622525148499045
18,Bloco 6 meses,Harmônica + resíduo,6,39.81472959323404,43.845231009376796,5.689124519830552
19,Aleatório 10%,Média global,8,64.22749999999999,84.93299874018342,11.687418032909957
19,Aleatório 10%,Linear,8,15.34791666666667,18.174530981263022,2.8208958174203858
19,Aleatório 10%,PCHIP,8,15.703381898681265,18.38740344637315,2.8697865151499027
19,Aleatório 10%,Harmônica log,8,13.99693853622469,17.042386892962718,2.3710450501439273
19,Aleatório 10%,Harmônica + resíduo,8,18.28675887117476,21.00475344486226,3.326655656712191
19,Aleatório 20%,Média global,16,81.75410714285711,105.68303782624565,15.426354050165624
19,Aleatório 20%,Linear,16,36.90260416666665,43.846726457136384,7.172487430643222
19,Aleatório 20%,PCHIP,16,37.4661438200337,45.996778917065186,7.402433194939731
19,Aleatório 20%,Harmônica log,16,20.434508368300175,25.349997592642737,3.916782612937633
19,Aleatório 20%,Harmônica + resíduo,16,26.26249323441325,36.41727896880605,5.361324494185314
19,Bloco 3 meses,Média global,3,79.4392156862745,81.15798098609481,15.95085164874505
19,Bloco 3 meses,Linear,3,58.583333333333336,58.76567521379579,11.670086247793376
19,Bloco 3 meses,PCHIP,3,74.3867709504184,74.7360315265535,14.816214718761481
19,Bloco 3 meses,Harmônica log,3,11.2626759214808,12.48155475359236,2.2805789283651023
19,Bloco 3 meses,Harmônica + resíduo,3,43.220983763223444,44.97698897358204,8.69895115712042
19,Bloco 6 meses,Média global,6,86.55365853658542,94.08479317120181,12.86652325629257
19,Bloco 6 meses,Linear,6,49.12916666666666,54.094965685357444,7.366453007256648
19,Bloco 6 meses,PCHIP,6,53.93087257432412,58.969193081936496,8.223857672441834
19,Bloco 6 meses,Harmônica log,6,11.95719331597788,16.69595845302727,1.8228258865672178
19,Bloco 6 meses,Harmônica + resíduo,6,30.564556171650356,36.47052560522974,4.630845227048714
