data,64800,129600,259200
2015-01-01,5.2941402687045525,6.780681370867512,8.964704205201826
2015-02-01,4.525843985722702,5.9536815914169665,8.052250529303478
2015-03-01,3.78134630572589,5.150509794574532,7.163642570035734
2015-04-01,3.063419685631402,4.3739917212508885,6.301738675451588
2015-05-01,2.3755153844637675,3.627650526985633,5.470106712311065
2015-06-01,1.7196552826750917,2.913593513805381,4.670908131533793
2015-07-01,1.0950448194880096,2.2311202105642565,3.9035034981910144
2015-08-01,0.49688175212827446,1.575526520578535,3.1632542127686065
2015-09-01,-0.08091118614589732,0.9408330066028725,2.4442484908117876
2015-10-01,-0.6468921078664494,0.3185748966897677,1.7380891660909583
2015-11-01,-1.2146871030986404,-0.30478906678479234,1.0313004162427433
2015-12-01,-1.7992847141300103,-0.9441750347093603,0.30902727818784115
2016-01-01,-2.3634392875437698,-1.562281355671871,-0.3913737394024679
2016-02-01,-2.352772416407788,-1.6046941061833877,-0.5154423333162299
2016-03-01,-2.1715661181527253,-1.4756842053062087,-0.4674135876032892
2016-04-01,-1.7849193673418426,-1.1403634555524036,-0.21237386307313955
2016-05-01,-1.2252473369786117,-0.6311819832448009,0.21724257249491075
2016-06-01,-0.606612719892496,-0.0622561804834163,0.707327205787351
2016-07-01,-0.058225899155445404,0.4371358324823973,1.1286040869828753
2016-08-01,0.36495934859891577,0.8119636609059739,1.426041782505422
2016-09-01,0.6908048419002739,1.0900082336943342,1.6274192012116373
2016-10-01,0.9416188866612174,1.2934963340744048,1.7549618697253209
2016-11-01,1.1363989919322535,1.4413461984222522,1.8275888997533798
2016-12-01,1.276218499490426,1.534556446314582,1.8463029961988582
2017-01-01,1.348240781211416,1.5602221429497831,1.7982073802015748
2017-02-01,1.362296270682009,1.5281132692540496,1.6930849062597417
2017-03-01,1.3241010365022703,1.4438942086007955,1.536617932541617
2017-04-01,1.1990530381749522,1.2729204673594268,1.2941851992452484
2017-05-01,0.9634490219585814,0.9914556311541673,0.9420787386725351
2017-06-01,0.6598606927830133,0.6420469262684492,0.5228790527031606
2017-07-01,0.3721724186303845,0.3085614599577866,0.12049053974624258
2017-08-01,0.17115849460685695,0.061761495570976876,-0.19428430891036896
2017-09-01,0.11515758255438868,-0.040022974280987,-0.3630733566967592
2017-10-01,0.2468432030340182,0.04587506651159856,-0.343166217435396
2017-11-01,0.548075720770953,0.30131156416507565,-0.1526624829151615
2017-12-01,0.9474350139995522,0.6548654337391326,0.1370629018363161
2018-01-01,1.3753104695493903,1.0369312319123765,0.45645354732118903
2018-02-01,1.7865827455663066,1.4024043546163512,0.7604584274763511
2018-03-01,2.1339481983030737,1.7040091188036968,1.0018616772633777
2018-04-01,2.3677142560366065,1.8920976631512758,1.131083140522037
2018-05-01,2.5080010987256856,1.9868546610983913,1.1683844788660736
2018-06-01,2.621918726070703,2.0554765451070125,1.181049348704164
2018-07-01,2.732080556415781,2.1206865393348835,1.19189902115329
2018-08-01,2.7838468171989916,2.1279792785843483,1.1465374816158374
2018-09-01,2.7031470246879508,2.003444484902843,0.9711755676845542
2018-10-01,2.4226410708591857,1.679928797052412,0.5987930298899755
2018-11-01,1.9304134490217848,1.145729711682975,0.017832188507895808
2018-12-01,1.2742668683548573,0.44888736533710016,-0.7235113440380019
2019-01-01,0.5136895189921233,-0.3508516746641135,-1.565326752835631
2019-02-01,-0.3122466096012886,-1.2141408406930623,-2.4680969677044686
2019-03-01,-1.1636415887461453,-2.1007949914120445,-3.391463012873487
2019-04-01,-2.001315433620107,-2.971344379589709,-4.295781153069697
2019-05-01,-2.8232324836059206,-3.823465329793976,-5.178556850309292
2019-06-01,-3.6637862595420074,-4.691271305506575,-6.073739059331956
2019-07-01,-4.529036226497624,-5.580555780794498,-6.986966268510287
2019-08-01,-5.408398382408109,-6.480489104421395,-7.907266606359485
2019-09-01,-6.267817763039602,-7.356797495671913,-8.800240175871409
2019-10-01,-7.015940243091677,-8.117941471927907,-9.574240875479404
2019-11-01,-7.534384039240308,-8.645393852717575,-10.110657719632059
2019-12-01,-7.752113732890393,-8.868019454543855,-10.338297420531944
2020-01-01,-7.671589740507898,-8.788228492043345,-10.259539789634005
2020-02-01,-7.3930879554512785,-8.506297862053543,-9.974659861263717
2020-03-01,-7.018534254887754,-8.124205023546097,-9.585661460728147
2020-04-01,-6.588005378495723,-7.682126753853254,-9.132774884225
2020-05-01,-6.1100004384060185,-7.1887078267066045,-8.624724129399851
2020-06-01,-5.595704873231398,-6.655321733399887,-8.072985952658769
2020-07-01,-5.021556926841868,-6.058633592189722,-7.4543509313969025
2020-08-01,-4.22386547649694,-5.23521415540165,-6.605535484089955
2020-09-01,-3.047836215646612,-4.030561735998049,-5.372201579496618
2020-10-01,-1.5195777230578642,-2.471102320195996,-3.780953770482597
2020-11-01,0.03706708980894291,-0.8810121614025093,-2.1561572510305496
2020-12-01,1.314541742820552,0.43181453517706814,-0.8058996470562079
2021-01-01,2.224454337383122,1.3786555158333158,0.1809048875946928
2021-02-01,2.8696712378007305,2.0620637439901657,0.9066238572930843
2021-03-01,3.4098645671658687,2.641421632085212,1.5304641552619387
2021-04-01,3.89995497089285,3.1713884889422843,2.1069219843190012
2021-05-01,4.309947616498789,3.621740385514954,2.6056247861829434
2021-06-01,4.601871542959657,3.9543129781155812,2.9882759299647432
2021-07-01,4.739090797948393,4.132315497763216,3.2179702524446157
2021-08-01,4.635027257877596,4.069055509078453,3.2079199068359685
2021-09-01,4.2730428888560255,3.747821915344616,2.9413378551569167
2021-10-01,3.735588985440131,3.2510330794580113,2.500585539837516
2021-11-01,3.1242897878693157,2.6803173336386408,1.9872519432564104
2021-12-01,2.495942258292075,2.092508294861773,1.4581467703587805
2022-01-01,1.9189542675868552,1.5560780217200545,0.9817311823006776
2022-02-01,1.4240040442685995,1.1017913021730692,0.5887695899359642
2022-03-01,1.0055138165241715,0.7241745305693712,0.27379622973944606
2022-04-01,0.6212915500738063,0.38115331268591035,-0.005249220396763121
2022-05-01,0.21444933853263137,0.015967311616918778,-0.3051084938093709
2022-06-01,-0.22880463628564485,-0.38504107451001346,-0.639417627551893
2022-07-01,-0.6644887562193844,-0.7777528250207979,-0.9640347358108556
2022-08-01,-1.0432235823965357,-1.1126516584710089,-1.2294211761090992
2022-09-01,-1.345227812835219,-1.3698236835830357,-1.415642978045753
2022-10-01,-1.6293866486352044,-1.6080290260154015,-1.5814440302940511
2022-11-01,-1.9213117179713208,-1.8527644285626366,-1.7523099467048269
2022-12-01,-2.1541180554188486,-2.037042777643819,-1.8612487911351536
2023-01-01,-2.27552774261801,-2.108499360593555,-1.8558985639241428
2023-02-01,-2.349233428089633,-2.1307575562669854,-1.7998938941108236
2023-03-01,-2.4544636181581154,-2.1829954482062703,-1.7724332246040149
2023-04-01,-2.5790012171406715,-2.252965330518009,-1.7612987058727185
2023-05-01,-2.602278392560379,-2.2200897939388824,-1.6459527910253655
2023-06-01,-2.3880682198631575,-1.9481547525379028,-1.290231845360836
2023-07-01,-1.9546155267842096,-1.4554409009682558,-0.7124777949579766
2023-08-01,-1.421352998892985,-0.861438612563461,-0.032252298888010955
2023-09-01,-0.9078995843168514,-0.2858434567808672,0.6306693061566193
2023-10-01,-0.4128932569069548,0.27261468364145003,1.2774708477301147
2023-11-01,0.11041142481929,0.8605775360853158,1.9547031247867608
2023-12-01,0.6492072872755443,1.4651257375463729,2.6493530208881566
2024-01-01,1.0392018209178104,1.9218496526835906,3.1969162462254417
2024-02-01,1.3500079909840679,2.3002438345857854,3.6667937831330164
2024-03-01,1.6393038169487681,2.6578690985569438,4.116455371465349
2024-04-01,1.920848531362708,3.008370557638955,4.55945865102899
2024-05-01,2.1963552447941765,3.3533519925401833,4.9973245561594695
2024-06-01,2.464604945229098,3.691491491375018,5.428653950829812
2024-07-01,2.7236017442603497,4.020698285606272,5.851285437189745
2024-08-01,2.973691608196077,4.341233011708027,6.265416562250266
2024-09-01,3.215573507096451,4.653720316891395,6.671617333261452
2024-10-01,3.447836634488226,4.956687464967899,7.068369699110917
2024-11-01,3.6671996764941923,5.246804927058633,7.45230898506702
2024-12-01,3.872460686066688,5.522837502425318,7.822175820638108
