data,Série de trabalho,Cópia tratada,Holt,Holt-Winters aditivo,Holt-Winters multiplicativo
2015-01-01,485.9,485.9,428.90959045922864,472.4496843540962,455.2405129928335
2015-02-01,359.5,359.5,432.2276555170612,362.8200966050841,391.8907728704174
2015-03-01,444.8,444.8,435.5457186419437,449.01779038508494,444.76918443166016
2015-04-01,441.5,441.5,438.8637829884524,436.3661406795458,422.6917625071667
2015-05-01,456.7,456.7,442.18184723634425,456.8949037798191,446.8977490237222
2015-06-01,472.3,472.3,445.4999116612907,478.82940384072015,476.97272307215525
2015-07-01,503.4,503.4,448.81797626925237,530.6227730986066,536.1305999778067
2015-08-01,512.4,512.4,452.1360412911971,531.3846254025023,537.7388087247323
2015-09-01,456.3,456.3,455.4541063978093,462.41873274632894,469.76739440042826
2015-10-01,449.1,449.1,458.7721706190233,449.4872031288608,445.82955214503056
2015-11-01,465.8,465.8,462.0902346835059,467.9218250302597,458.0325497430607
2015-12-01,506.5376787171585,506.5376787171585,465.4082989473949,509.95987231029716,507.6876817567232
2016-01-01,495.0,495.0,468.7263637688796,509.1562045799307,487.7345105150045
2016-02-01,381.2,381.2,472.04442836899653,388.7343017907554,415.63280180963733
2016-03-01,476.2,476.2,475.36249122391825,473.9571121175885,471.506323458648
2016-04-01,456.9,456.9,478.6805554450073,466.0268986765388,448.74393438720165
2016-05-01,473.0,473.0,481.99861932906094,482.32974282370833,471.95358248115616
2016-06-01,492.5,492.5,485.3166834035803,500.3754073375717,501.6964505493333
2016-07-01,552.3,552.3,488.63474771922927,543.6008338879503,562.8365036518153
2016-08-01,563.1,563.1,491.95281287652466,552.9097806196219,568.824114292412
2016-09-01,496.5,496.5,495.2708781453095,493.3840630869142,500.18240933348625
2016-10-01,489.0,489.0,498.58894237223404,484.11189606343186,476.3823811704354
2016-11-01,507.2,507.2,501.90700643795697,502.6103762484624,490.94390273507975
2016-12-01,539.34135912533,539.34135912533,505.225070725438,545.0964316967272,545.5462606461514
2017-01-01,486.8,486.8,508.54313544241955,539.6111551647707,522.9753720195525
2017-02-01,448.8,435.60565272216604,511.8611993270309,416.2578764690892,438.5331480339976
2017-03-01,513.9,513.9,515.179262399344,509.3383811007115,504.4509441012629
2017-04-01,484.7,484.7,518.4973265888907,497.144485299323,480.67008139788334
2017-05-01,496.8,496.8,521.8153902938805,512.8837240150546,504.3948947759149
2017-06-01,524.4,524.4,525.1334541297313,530.537502256884,534.2391627201775
2017-07-01,607.2,607.2,528.4515183274111,580.7212819954586,599.0977061308793
2017-08-01,599.1,599.1,531.7695837094642,593.2141418723163,608.8683078990748
2017-09-01,531.7,531.7,535.0876489213748,530.2013958139114,534.5715747326773
2017-10-01,513.0,513.0,538.4057130795042,521.4115015483785,509.112928609752
2017-11-01,531.0,531.0,541.7237769095386,537.8588320226427,522.6340619476329
2017-12-01,574.2694253265715,574.2694253265715,545.0418409583511,574.4977069166523,578.7076427719719
2018-01-01,599.5,599.5,548.3599056024854,550.7756431632274,554.9482319062212
2018-02-01,455.7,455.7,551.6779705731414,471.3554723437383,478.2504331430516
2018-03-01,532.5,532.5,554.9960333515675,553.3728898839101,545.7143938292305
2018-04-01,521.7,521.7,558.3140972249596,530.6065763383358,515.6141273056788
2018-05-01,553.4,553.4,561.6321608879762,545.3868855039375,541.1808606886129
2018-06-01,566.3,566.3,564.9502249739165,570.5624824671531,576.9782361659916
2018-07-01,648.4,648.4,568.2682892026388,634.2149972089288,646.7214037092824
2018-08-01,652.1,652.1,571.5863546053037,636.5915644794171,655.6451376623403
2018-09-01,574.2,574.2,574.9044200136595,573.2004055889632,576.5321306912125
2018-10-01,548.1,548.1,578.2224842117721,560.3284348361442,548.970070672352
2018-11-01,564.7,564.7,581.5405479715214,576.849965826085,562.3421904020798
2018-12-01,611.4594538044255,611.4594538044255,584.858611929187,615.4035870488244,621.054130580359
2019-01-01,617.2,617.2,588.1766765341797,610.9485110744756,594.4554172541066
2019-02-01,489.1,489.1,591.4947411752702,499.31537609964494,508.1628977711635
2019-03-01,573.2,573.2,594.812803858079,580.0114248076866,580.695780785897
2019-04-01,553.4,553.4,598.1308677446324,564.1276689206478,549.6320171456173
2019-05-01,566.5,566.5,601.4489312866997,585.4893922606834,576.1518846845082
2019-06-01,598.7,598.7,604.7669949745292,601.7789549359804,609.5831757059308
2019-07-01,667.2,667.2,608.0850590927331,673.0671408065164,683.1436378358635
2019-08-01,677.0,677.0,611.4031241822236,673.0686836908078,689.02805604655
2019-09-01,602.0,602.0,614.7211893683025,602.1268485333949,604.3651627030206
2019-10-01,579.0,579.0,618.0392533873512,583.739293869499,575.338708421313
2019-11-01,591.2,591.2,621.3573170142304,601.3795921595956,590.0734976609281
2019-12-01,651.0579305770789,651.0579305770789,624.6753807734606,643.5393003106853,651.2356426976395
2020-01-01,580.5,580.5,627.9934453752003,644.8731659209486,624.9474898785056
2020-02-01,439.8,502.248707746422,631.311508876102,516.326623016937,523.3100076725586
2020-03-01,549.3,582.9510904914614,634.6295711615255,597.8392847802993,597.6050434670723
2020-04-01,557.2,557.2,637.9476346000653,579.1986987330588,564.3268735924895
2020-05-01,592.6,592.6,641.2656976054409,595.5817689284756,589.3345034690989
2020-06-01,635.0,635.0,644.5837610888747,620.632166105068,626.0459368721292
2020-07-01,682.4,692.9433998641332,647.9018251546746,693.3245777819295,705.6988122922111
2020-08-01,729.4,729.4,651.2198900344556,698.0868600365468,712.3545996689679
2020-09-01,645.4,645.4,654.5379554080391,629.4774450454597,629.5352193709509
2020-10-01,617.2,617.2,657.8560194804822,611.5531925674276,602.4159538617798
2020-11-01,646.7,646.7,661.1740830832696,628.4998367359904,619.7812163870723
2020-12-01,693.220828184113,693.220828184113,664.4921470761981,681.9394856205037,689.1249179880658
2021-01-01,732.4,732.4,667.810211712898,654.7319391442486,661.8808497842074
2021-02-01,526.4,550.39231074986,671.12827688397,567.1516592284149,572.612775063779
2021-03-01,663.1,663.1,674.446339293473,647.9472813817466,653.7861041721036
2021-04-01,636.1,636.1,677.7644033330084,630.7900892904072,621.5659088611949
2021-05-01,672.4,672.4,681.0824669207697,658.8311791629025,653.1480607961055
2021-06-01,703.3,703.3,684.400531,693.3035092681052,696.5618072073445
2021-07-01,775.8,775.8,687.7185954902332,759.3939604823915,784.1002325450188
2021-08-01,760.7,760.7,691.0366610113575,779.416419638153,792.1902230964374
2021-09-01,694.7,694.7,694.3547262580313,697.318356589868,691.4804817775008
2021-10-01,660.3,660.3,697.6727904717854,672.5453790338847,658.8772108464915
2021-11-01,671.8,671.8,700.9908541234965,691.9741556746076,674.7711357752505
2021-12-01,738.1142200392474,738.1142200392474,704.3089178971281,737.0445592681349,743.3476955881829
2022-01-01,723.2,723.2,707.6269826094756,735.2150182113987,711.9818685481016
2022-02-01,623.5,623.5,710.9450470501407,596.4120956081302,605.5570754515576
2022-03-01,694.4,694.4,714.263109955717,696.4836513566439,700.0770852065432
2022-04-01,636.2,636.2,717.5811738683427,672.8422513059727,662.6063206469801
2022-05-01,671.6,671.6,720.8992368642779,698.1357245541062,687.9206488515017
2022-06-01,745.1,745.1,724.2173003382711,725.3416703059017,726.2560066657437
2022-07-01,832.4,832.4,727.5353648580567,795.4423284292176,819.8384572166807
2022-08-01,852.0,852.0,730.8534306292706,804.237161682046,832.125780019481
2022-09-01,709.2,709.2,734.1714966431043,738.3016009644763,734.8320950479715
2022-10-01,683.4,683.4,737.4895604796093,705.7895761420099,694.8511221372646
2022-11-01,682.8,682.8,740.8076238822212,720.5379657128361,708.9777088185989
2022-12-01,785.9149345689436,785.9149345689436,744.1256872264494,771.6543408375358,776.1314869174985
2023-01-01,688.4,688.4,747.4437520577668,766.4453249955941,745.9566591147352
2023-02-01,695.0,687.3319158746071,750.7618153865556,633.8794850869078,623.3946410215891
2023-03-01,736.9,736.9,754.0798786499855,725.9748796899288,730.3242325112061
2023-04-01,690.1,690.1,757.3979426025945,690.2391764714935,693.3083173712973
2023-05-01,722.2,722.2,760.7160058083861,724.9200432830349,724.4009118176667
2023-06-01,775.1,775.1,764.0340694430619,774.3133996193947,767.5497372685055
2023-07-01,888.8,888.8,767.352133816566,848.6192735309216,863.662042869339
2023-08-01,886.1,886.1,770.6701998348894,862.2537107814239,878.6490219704593
2023-09-01,781.1,781.1,773.9882657635368,761.7472642166731,773.5225974305337
2023-10-01,741.9,741.9,777.3063300781189,738.9838886000177,737.3912549637183
2023-11-01,763.0,763.0,780.6243937591325,751.1953096111981,755.3622348155399
2023-12-01,836.8112517134059,836.8112517134059,783.9424577051176,830.5413153322477,833.9672477441651
2024-01-01,775.4228850080989,775.4228850080989,787.2605227015331,786.825341235435,799.932957554694
2024-02-01,711.1026156794779,711.1026156794779,790.5785867337477,717.13668165183,674.1693344258204
2024-03-01,794.2,794.2,793.8966497580725,783.391222276947,782.6655763419787
2024-04-01,741.2,741.2,797.214713971202,743.1619973228436,743.5739446700344
2024-05-01,775.1,775.1,800.5327773451268,776.5340655256025,776.9032096842695
2024-06-01,820.5,820.5,803.8508411747578,827.5328708999012,823.0516697323676
2024-07-01,939.6,939.6,807.1689056314588,916.6427168706477,923.6248697929544
2024-08-01,964.9,964.9,810.4869718134448,921.1682970921729,937.3433120893059
2024-09-01,847.5,847.5,813.8050383229875,821.7300380001334,828.18373141995
2024-10-01,774.2,774.2,817.1231030336907,793.2478080461465,791.2654034031992
2024-11-01,784.9,784.9,820.4411666026957,805.8675903829311,806.1530224124054
2024-12-01,891.0036445334006,891.0036445334006,823.7592302817003,878.2174600095586,883.7864458665908
