ano,mes,tipo,valor_100_milhoes_kwh,valor_twh,publicacao,url,arquivo_fonte,trecho_original
2024,10,mensal,7742.0,774.2,2024-11-20,https://www.nea.gov.cn/2024-11/20/c_1310787334.htm,fontes_html/c43edbeed251bcac529a.html,10月份，全社会用电量7742亿千瓦时
2024,10,acumulado,81836.0,8183.6,2024-11-20,https://www.nea.gov.cn/2024-11/20/c_1310787334.htm,fontes_html/c43edbeed251bcac529a.html,1～10月，全社会用电量累计81836亿千瓦时
2024,9,mensal,8475.0,847.5,2024-10-19,https://www.nea.gov.cn/2024-10/19/c_1212405503.htm,fontes_html/e7566e8a12f887459db9.html,9月份，全社会用电量8475亿千瓦时
2024,9,acumulado,74094.0,7409.4,2024-10-19,https://www.nea.gov.cn/2024-10/19/c_1212405503.htm,fontes_html/e7566e8a12f887459db9.html,1～9月，全社会用电量累计74094亿千瓦时
2024,8,mensal,9649.0,964.9,2024-09-20,https://www.nea.gov.cn/2024-09/20/c_1212399358.htm,fontes_html/c2a762b521afba14e113.html,8月份，全社会用电量9649亿千瓦时
2024,8,acumulado,65619.0,6561.9,2024-09-20,https://www.nea.gov.cn/2024-09/20/c_1212399358.htm,fontes_html/c2a762b521afba14e113.html,1～8月，全社会用电量累计65619亿千瓦时
2024,7,mensal,9396.0,939.6,2024-08-22,https://www.nea.gov.cn/2024-08/22/c_1310785024.htm,fontes_html/8659e953c984e35ef7ed.html,7月份，全社会用电量9396亿千瓦时
2024,7,acumulado,55971.0,5597.1,2024-08-22,https://www.nea.gov.cn/2024-08/22/c_1310785024.htm,fontes_html/8659e953c984e35ef7ed.html,1～7月，全社会用电量累计55971亿千瓦时
2024,6,mensal,8205.0,820.5,2024-07-19,https://www.nea.gov.cn/2024-07/19/c_1310782234.htm,fontes_html/048f31195fb943d6d1f1.html,6月份，全社会用电量8205亿千瓦时
2024,6,acumulado,46575.0,4657.5,2024-07-19,https://www.nea.gov.cn/2024-07/19/c_1310782234.htm,fontes_html/048f31195fb943d6d1f1.html,1～6月，全社会用电量累计46575亿千瓦时
2024,5,mensal,7751.0,775.1,2024-06-20,https://www.nea.gov.cn/2024-06/20/c_1310779060.htm,fontes_html/792431b4744d309fa34a.html,5月份，全社会用电量7751亿千瓦时
2024,5,acumulado,38370.0,3837.0,2024-06-20,https://www.nea.gov.cn/2024-06/20/c_1310779060.htm,fontes_html/792431b4744d309fa34a.html,1～5月，全社会用电量累计38370亿千瓦时
2024,4,mensal,7412.0,741.2,2024-05-17,https://www.nea.gov.cn/2024-05/17/c_1212363227.htm,fontes_html/5a3f84ec5078f72ee130.html,4月份，全社会用电量7412亿千瓦时
2024,4,acumulado,30772.0,3077.2,2024-05-17,https://www.nea.gov.cn/2024-05/17/c_1212363227.htm,fontes_html/5a3f84ec5078f72ee130.html,1～4月，全社会用电量累计30772亿千瓦时
2024,3,mensal,7942.0,794.2,2024-04-17,https://www.nea.gov.cn/2024-04/17/c_1310771602.htm,fontes_html/2732823f5ba7a089599b.html,3月份，全社会用电量7942亿千瓦时
2024,3,acumulado,23373.0,2337.3,2024-04-17,https://www.nea.gov.cn/2024-04/17/c_1310771602.htm,fontes_html/2732823f5ba7a089599b.html,1~3月，全社会用电量累计23373亿千瓦时
2024,2,acumulado,15316.0,1531.6,2024-03-20,https://www.nea.gov.cn/2024-03/20/c_1310768302.htm,fontes_html/2f9e9e70c51f9ceae66b.html,1~2月，全社会用电量累计15316亿千瓦时
2023,12,anual,92241.0,9224.1,2024-01-18,https://www.nea.gov.cn/2024-01/18/c_1310760885.htm,fontes_html/88e17da7b605a8ea8cd3.html,2023年，全社会用电量92241亿千瓦时
2023,11,mensal,7630.0,763.0,2023-12-15,https://www.nea.gov.cn/2023-12/15/c_1310755543.htm,fontes_html/50fe4f934bfca2b7ae53.html,11月份，全社会用电量7630亿千瓦时
2023,11,acumulado,83678.0,8367.8,2023-12-15,https://www.nea.gov.cn/2023-12/15/c_1310755543.htm,fontes_html/50fe4f934bfca2b7ae53.html,1~11月，全社会用电量累计83678亿千瓦时
2023,10,mensal,7419.0,741.9,2023-11-15,https://www.nea.gov.cn/2023-11/15/c_1310750688.htm,fontes_html/bb2545438a92922c02bf.html,10月份，全社会用电量7419亿千瓦时
2023,10,acumulado,76059.0,7605.9,2023-11-15,https://www.nea.gov.cn/2023-11/15/c_1310750688.htm,fontes_html/bb2545438a92922c02bf.html,1~10月，全社会用电量累计76059亿千瓦时
2023,9,mensal,7811.0,781.1,2023-10-16,https://www.nea.gov.cn/2023-10/16/c_1310745454.htm,fontes_html/2576fcd1e32079cc238e.html,9月份，全社会用电量7811亿千瓦时
2023,9,acumulado,68637.0,6863.7,2023-10-16,https://www.nea.gov.cn/2023-10/16/c_1310745454.htm,fontes_html/2576fcd1e32079cc238e.html,1~9月，全社会用电量累计68637亿千瓦时
2023,8,mensal,8861.0,886.1,2023-09-14,https://www.nea.gov.cn/2023-09/14/c_1310741272.htm,fontes_html/93ae882b8209e61cc991.html,8月份，全社会用电量8861亿千瓦时
2023,8,acumulado,60826.0,6082.6,2023-09-14,https://www.nea.gov.cn/2023-09/14/c_1310741272.htm,fontes_html/93ae882b8209e61cc991.html,1~8月，全社会用电量累计60826亿千瓦时
2023,7,mensal,8888.0,888.8,2023-08-14,https://www.nea.gov.cn/2023-08/14/c_1310736871.htm,fontes_html/d381d2c88c00f5d2f218.html,7月份，全社会用电量8888亿千瓦时
2023,7,acumulado,51965.0,5196.5,2023-08-14,https://www.nea.gov.cn/2023-08/14/c_1310736871.htm,fontes_html/d381d2c88c00f5d2f218.html,1~7月，全社会用电量累计51965亿千瓦时
2023,6,mensal,7751.0,775.1,2023-07-13,https://www.nea.gov.cn/2023-07/13/c_1310732362.htm,fontes_html/88555cbb82435b6b466e.html,6月份，全社会用电量7751亿千瓦时
2023,6,acumulado,43076.0,4307.6,2023-07-13,https://www.nea.gov.cn/2023-07/13/c_1310732362.htm,fontes_html/88555cbb82435b6b466e.html,1~6月，全社会用电量累计43076亿千瓦时
2023,4,mensal,6901.0,690.1,2023-05-15,https://www.nea.gov.cn/2023-05/15/c_1310718974.htm,fontes_html/ce6af6c845565b999678.html,4月份，全社会用电量6901亿千瓦时
2023,4,acumulado,28103.0,2810.3,2023-05-15,https://www.nea.gov.cn/2023-05/15/c_1310718974.htm,fontes_html/ce6af6c845565b999678.html,1~4月，全社会用电量累计28103亿千瓦时
2023,3,mensal,7369.0,736.9,2023-04-14,https://www.nea.gov.cn/2023-04/14/c_1310710757.htm,fontes_html/e7dcfddb299510e615b4.html,3月份，全社会用电量7369亿千瓦时
2023,3,acumulado,21203.0,2120.3,2023-04-14,https://www.nea.gov.cn/2023-04/14/c_1310710757.htm,fontes_html/e7dcfddb299510e615b4.html,1~3月，全社会用电量累计21203亿千瓦时
2023,2,mensal,6950.0,695.0,2023-03-16,https://www.nea.gov.cn/2023-03/16/c_1310702980.htm,fontes_html/dc3748f0df09643cf344.html,2月份，全社会用电量6950亿千瓦时
2023,2,acumulado,13834.0,1383.4,2023-03-16,https://www.nea.gov.cn/2023-03/16/c_1310702980.htm,fontes_html/dc3748f0df09643cf344.html,1~2月，全社会用电量累计13834亿千瓦时
2022,12,anual,86372.0,8637.2,2023-01-18,https://www.nea.gov.cn/2023-01/18/c_1310691508.htm,fontes_html/2cc5b36ab0d1bbc5fa38.html,2022年，全社会用电量86372亿千瓦时
2022,11,mensal,6828.0,682.8,2022-12-15,https://www.nea.gov.cn/2022-12/15/c_1310684089.htm,fontes_html/09c4f735dd26c0db538e.html,11月份，全社会用电量6828亿千瓦时
2022,11,acumulado,78588.0,7858.8,2022-12-15,https://www.nea.gov.cn/2022-12/15/c_1310684089.htm,fontes_html/09c4f735dd26c0db538e.html,1~11月，全社会用电量累计78588亿千瓦时
2022,10,mensal,6834.0,683.4,2022-11-14,https://www.nea.gov.cn/2022-11/14/c_1310676596.htm,fontes_html/e3b79531a7da8e29b88e.html,10月份，全社会用电量6834亿千瓦时
2022,10,acumulado,71760.0,7176.0,2022-11-14,https://www.nea.gov.cn/2022-11/14/c_1310676596.htm,fontes_html/e3b79531a7da8e29b88e.html,1~10月，全社会用电量累计71760亿千瓦时
2022,9,mensal,7092.0,709.2,2022-10-13,https://www.nea.gov.cn/2022-10/13/c_1310669666.htm,fontes_html/8c9dae2c386d7b174a7f.html,9月份，全社会用电量7092亿千瓦时
2022,9,acumulado,64931.0,6493.1,2022-10-13,https://www.nea.gov.cn/2022-10/13/c_1310669666.htm,fontes_html/8c9dae2c386d7b174a7f.html,1~9月，全社会用电量累计64931亿千瓦时
2022,8,mensal,8520.0,852.0,2022-09-15,https://www.nea.gov.cn/2022-09/15/c_1310663044.htm,fontes_html/610653f8da6e36c3a17f.html,8月份，全社会用电量8520亿千瓦时
2022,8,acumulado,57839.0,5783.9,2022-09-15,https://www.nea.gov.cn/2022-09/15/c_1310663044.htm,fontes_html/610653f8da6e36c3a17f.html,1~8月，全社会用电量累计57839亿千瓦时
2022,7,mensal,8324.0,832.4,2022-08-12,https://www.nea.gov.cn/2022-08/12/c_1310651984.htm,fontes_html/22c81115c58eb488da81.html,7月份，全社会用电量8324亿千瓦时
2022,7,acumulado,49303.0,4930.3,2022-08-12,https://www.nea.gov.cn/2022-08/12/c_1310651984.htm,fontes_html/22c81115c58eb488da81.html,1~7月，全社会用电量累计49303亿千瓦时
2022,6,mensal,7451.0,745.1,2022-07-14,https://www.nea.gov.cn/2022-07/14/c_1310641690.htm,fontes_html/9b6731b21d572e2f4618.html,6月份，全社会用电量7451亿千瓦时
2022,6,acumulado,40977.0,4097.7,2022-07-14,https://www.nea.gov.cn/2022-07/14/c_1310641690.htm,fontes_html/9b6731b21d572e2f4618.html,1~6月，全社会用电量累计40977亿千瓦时
2022,5,mensal,6716.0,671.6,2022-06-15,https://www.nea.gov.cn/2022-06/15/c_1310623336.htm,fontes_html/604d9e87aa8541d6f943.html,5月份，全社会用电量6716亿千瓦时
2022,5,acumulado,33526.0,3352.6,2022-06-15,https://www.nea.gov.cn/2022-06/15/c_1310623336.htm,fontes_html/604d9e87aa8541d6f943.html,1~5月，全社会用电量累计33526亿千瓦时
2022,3,mensal,6944.0,694.4,2022-04-14,https://www.nea.gov.cn/2022-04/14/c_1310557516.htm,fontes_html/ea9ecc91d6a38f0310f8.html,3月份，我国经济持续稳定恢复，全社会用电量持续增长，达到6944亿千瓦时
2022,3,acumulado,20423.0,2042.3,2022-04-14,https://www.nea.gov.cn/2022-04/14/c_1310557516.htm,fontes_html/ea9ecc91d6a38f0310f8.html,1~3月，全社会用电量累计20423亿千瓦时
2022,2,mensal,6235.0,623.5,2022-03-15,https://www.nea.gov.cn/2022-03/15/c_1310514668.htm,fontes_html/832dddd13f5c38617783.html,2月份，我国经济持续稳定恢复，全社会用电量持续增长，达到6235亿千瓦时
2022,2,acumulado,13467.0,1346.7,2022-03-15,https://www.nea.gov.cn/2022-03/15/c_1310514668.htm,fontes_html/832dddd13f5c38617783.html,1—2月，全社会用电量累计13467亿千瓦时
2021,12,anual,83128.0,8312.8,2022-01-17,https://www.nea.gov.cn/2022-01/17/c_1310427282.htm,fontes_html/4a01b65c2bc5a49ad94a.html,2021年，全社会用电量83128亿千瓦时
2021,11,mensal,6718.0,671.8,2021-12-16,https://www.nea.gov.cn/2021-12/16/c_1310376351.htm,fontes_html/9a11543b878a7d74ccb8.html,11月份，我国经济持续稳定恢复，全社会用电量持续增长，达到6718亿千瓦时
2021,11,acumulado,74972.0,7497.2,2021-12-16,https://www.nea.gov.cn/2021-12/16/c_1310376351.htm,fontes_html/9a11543b878a7d74ccb8.html,1-11月，全社会用电量累计74972亿千瓦时
2021,10,mensal,6603.0,660.3,2021-11-12,https://www.nea.gov.cn/2021-11/12/c_1310307186.htm,fontes_html/8a480c3e051828774be7.html,10月份，我国经济持续稳定恢复，全社会用电量持续增长，达到6603亿千瓦时
2021,10,acumulado,68254.0,6825.4,2021-11-12,https://www.nea.gov.cn/2021-11/12/c_1310307186.htm,fontes_html/8a480c3e051828774be7.html,1-10月，全社会用电量累计68254亿千瓦时
2021,9,mensal,6947.0,694.7,2021-10-13,https://www.nea.gov.cn/2021-10/13/c_1310241476.htm,fontes_html/e1d624ab03890092ac5c.html,9月份，我国经济持续稳定恢复，全社会用电量持续增长，达到6947亿千瓦时
2021,9,acumulado,61651.0,6165.1,2021-10-13,https://www.nea.gov.cn/2021-10/13/c_1310241476.htm,fontes_html/e1d624ab03890092ac5c.html,1-9月，全社会用电量累计61651亿千瓦时
2021,8,mensal,7607.0,760.7,2021-09-14,https://www.nea.gov.cn/2021-09/14/c_1310187100.htm,fontes_html/3ee190b0608c2e4a6f60.html,8月份，我国经济持续稳定恢复，全社会用电量持续增长，达到7607亿千瓦时
2021,8,acumulado,54704.0,5470.4,2021-09-14,https://www.nea.gov.cn/2021-09/14/c_1310187100.htm,fontes_html/3ee190b0608c2e4a6f60.html,1-8月，全社会用电量累计54704亿千瓦时
2021,7,mensal,7758.0,775.8,2021-08-12,https://www.nea.gov.cn/2021-08/12/c_1310122831.htm,fontes_html/2e6a734f7ca0269c3636.html,7月份，我国经济持续稳定恢复，全社会用电量持续增长，达到7758亿千瓦时
2021,7,acumulado,47097.0,4709.7,2021-08-12,https://www.nea.gov.cn/2021-08/12/c_1310122831.htm,fontes_html/2e6a734f7ca0269c3636.html,1-7月，全社会用电量累计47097亿千瓦时
2021,6,mensal,7033.0,703.3,2021-07-14,https://www.nea.gov.cn/2021-07/14/c_1310060966.htm,fontes_html/64a4404772c2227feb27.html,6月份，我国经济保持稳定恢复，全社会用电量持续增长，达到7033亿千瓦时
2021,6,acumulado,39339.0,3933.9,2021-07-14,https://www.nea.gov.cn/2021-07/14/c_1310060966.htm,fontes_html/64a4404772c2227feb27.html,1-6月，全社会用电量累计39339亿千瓦时
2021,5,mensal,6724.0,672.4,2021-06-15,https://www.nea.gov.cn/2021-06/15/c_1310009338.htm,fontes_html/36c1402d86e5c07c53f2.html,5月份，我国经济持续稳定恢复，全社会用电量持续快速增长，达到6724亿千瓦时
2021,5,acumulado,32305.0,3230.5,2021-06-15,https://www.nea.gov.cn/2021-06/15/c_1310009338.htm,fontes_html/36c1402d86e5c07c53f2.html,1-5月，全社会用电量累计32305亿千瓦时
2021,4,mensal,6361.0,636.1,2021-05-14,https://www.nea.gov.cn/2021-05/14/c_139944668.htm,fontes_html/d90183624fe1fbc0956a.html,4月份，全社会用电量6361亿千瓦时
2021,4,acumulado,25581.0,2558.1,2021-05-14,https://www.nea.gov.cn/2021-05/14/c_139944668.htm,fontes_html/d90183624fe1fbc0956a.html,1-4月，全社会用电量累计25581亿千瓦时
2021,3,mensal,6631.0,663.1,2021-04-14,https://www.nea.gov.cn/2021-04/14/c_139880514.htm,fontes_html/bf6d4f94e019ee746f07.html,3月份，全社会用电量6631亿千瓦时
2021,3,acumulado,19219.0,1921.9,2021-04-14,https://www.nea.gov.cn/2021-04/14/c_139880514.htm,fontes_html/bf6d4f94e019ee746f07.html,1-3月，全社会用电量累计19219亿千瓦时
2021,2,mensal,5264.0,526.4,2021-03-12,https://www.nea.gov.cn/2021-03/12/c_139805948.htm,fontes_html/34dbc836251649a1be1a.html,2月份，全社会用电量5264亿千瓦时
2021,2,acumulado,12588.0,1258.8,2021-03-12,https://www.nea.gov.cn/2021-03/12/c_139805948.htm,fontes_html/34dbc836251649a1be1a.html,1-2月，全社会用电量累计12588亿千瓦时
2020,12,anual,75110.0,7511.0,2021-01-20,https://www.nea.gov.cn/2021-01/20/c_139682386.htm,fontes_html/609f9fcea501d46bb5a7.html,2020年，全社会用电量75110亿千瓦时
2020,11,mensal,6467.0,646.7,2020-12-14,https://www.nea.gov.cn/2020-12/14/c_139588917.htm,fontes_html/aa0b35a07b70aca9b3ed.html,11月份，全社会用电量6467亿千瓦时
2020,11,acumulado,66772.0,6677.2,2020-12-14,https://www.nea.gov.cn/2020-12/14/c_139588917.htm,fontes_html/aa0b35a07b70aca9b3ed.html,1-11月，全社会用电量累计66772亿千瓦时
2020,10,mensal,6172.0,617.2,2020-11-13,https://www.nea.gov.cn/2020-11/13/c_139513791.htm,fontes_html/a2b2b0969e4e4b6dfad7.html,10月份，全社会用电量6172亿千瓦时
2020,10,acumulado,60306.0,6030.6,2020-11-13,https://www.nea.gov.cn/2020-11/13/c_139513791.htm,fontes_html/a2b2b0969e4e4b6dfad7.html,1-10月，全社会用电量累计60306亿千瓦时
2020,9,mensal,6454.0,645.4,2020-10-16,https://www.nea.gov.cn/2020-10/16/c_139444629.htm,fontes_html/16d3d6c0737839af4ee7.html,9月份，全社会用电量6454亿千瓦时
2020,9,acumulado,54134.0,5413.4,2020-10-16,https://www.nea.gov.cn/2020-10/16/c_139444629.htm,fontes_html/16d3d6c0737839af4ee7.html,1-9月，全社会用电量累计54134亿千瓦时
2020,8,mensal,7294.0,729.4,2020-09-14,https://www.nea.gov.cn/2020-09/14/c_139367363.htm,fontes_html/01614f2a39f93653c047.html,8月份，全社会用电量7294亿千瓦时
2020,8,acumulado,47676.0,4767.6,2020-09-14,https://www.nea.gov.cn/2020-09/14/c_139367363.htm,fontes_html/01614f2a39f93653c047.html,1-8月，全社会用电量累计47676亿千瓦时
2020,7,mensal,6824.0,682.4,2020-08-13,https://www.nea.gov.cn/2020-08/13/c_139287159.htm,fontes_html/9c29f763fd79e4f5e261.html,7月份，全社会用电量6824亿千瓦时
2020,7,acumulado,40381.0,4038.1,2020-08-13,https://www.nea.gov.cn/2020-08/13/c_139287159.htm,fontes_html/9c29f763fd79e4f5e261.html,1-7月，全社会用电量累计40381亿千瓦时
2020,6,mensal,6350.0,635.0,2020-07-13,https://www.nea.gov.cn/2020-07/13/c_139209401.htm,fontes_html/94fc5a24bb5e578fd7f6.html,6月份，全社会用电量6350亿千瓦时
2020,6,acumulado,33547.0,3354.7,2020-07-13,https://www.nea.gov.cn/2020-07/13/c_139209401.htm,fontes_html/94fc5a24bb5e578fd7f6.html,1-6月，全社会用电量累计33547亿千瓦时
2020,5,mensal,5926.0,592.6,2020-06-19,https://www.nea.gov.cn/2020-06/19/c_139150749.htm,fontes_html/88c9f1012fc5a06cb3dd.html,5月份，全社会用电量5926亿千瓦时
2020,5,acumulado,27197.0,2719.7,2020-06-19,https://www.nea.gov.cn/2020-06/19/c_139150749.htm,fontes_html/88c9f1012fc5a06cb3dd.html,1-5月，全社会用电量累计27197亿千瓦时
2020,4,mensal,5572.0,557.2,2020-05-15,https://www.nea.gov.cn/2020-05/15/c_139060076.htm,fontes_html/358957d250f8547c3a82.html,4月份，全社会用电量5572亿千瓦时
2020,4,acumulado,21270.0,2127.0,2020-05-15,https://www.nea.gov.cn/2020-05/15/c_139060076.htm,fontes_html/358957d250f8547c3a82.html,1-4月，全社会用电量累计21270亿千瓦时
2020,3,mensal,5493.0,549.3,2020-04-17,https://www.nea.gov.cn/2020-04/17/c_138984241.htm,fontes_html/ad44afddbe1539c21f84.html,3月份，全社会用电量5493亿千瓦时
2020,3,acumulado,15698.0,1569.8,2020-04-17,https://www.nea.gov.cn/2020-04/17/c_138984241.htm,fontes_html/ad44afddbe1539c21f84.html,1-3月，全社会用电量累计15698亿千瓦时
2020,2,mensal,4398.0,439.8,2020-03-20,https://www.nea.gov.cn/2020-03/20/c_138898634.htm,fontes_html/6d253cc0028e44e2adb5.html,2月份，全社会用电量4398亿千瓦时
2020,2,acumulado,10203.0,1020.3,2020-03-20,https://www.nea.gov.cn/2020-03/20/c_138898634.htm,fontes_html/6d253cc0028e44e2adb5.html,1-2月，全社会用电量累计10203亿千瓦时
2019,12,anual,72255.0,7225.5,2020-01-20,https://www.nea.gov.cn/2020-01/20/c_138720877.htm,fontes_html/c1a56454b4b4221598b1.html,2019年，全社会用电量72255亿千瓦时
2019,11,mensal,5912.0,591.2,2019-12-20,https://www.nea.gov.cn/2019-12/20/c_138646512.htm,fontes_html/97c6fdc785cfcb401a46.html,11月份，全社会用电量5912亿千瓦时
2019,11,acumulado,65144.0,6514.4,2019-12-20,https://www.nea.gov.cn/2019-12/20/c_138646512.htm,fontes_html/97c6fdc785cfcb401a46.html,1-11月，全社会用电量累计65144亿千瓦时
2019,10,mensal,5790.0,579.0,2019-11-18,https://www.nea.gov.cn/2019-11/18/c_138564199.htm,fontes_html/bf7656074fff8c4cb352.html,10月份，全社会用电量5790亿千瓦时
2019,10,acumulado,59232.0,5923.2,2019-11-18,https://www.nea.gov.cn/2019-11/18/c_138564199.htm,fontes_html/bf7656074fff8c4cb352.html,1-10月，全社会用电量累计59232亿千瓦时
2019,9,mensal,6020.0,602.0,2019-10-16,https://www.nea.gov.cn/2019-10/16/c_138476552.htm,fontes_html/b89f0a219240e38cf8c7.html,9月份，全社会用电量6020亿千瓦时
2019,9,acumulado,53442.0,5344.2,2019-10-16,https://www.nea.gov.cn/2019-10/16/c_138476552.htm,fontes_html/b89f0a219240e38cf8c7.html,1-9月，全社会用电量累计53442亿千瓦时
2019,8,mensal,6770.0,677.0,2019-09-18,https://www.nea.gov.cn/2019-09/18/c_138400868.htm,fontes_html/33f387f0ec9894282682.html,8月份，全社会用电量6770亿千瓦时
2019,8,acumulado,47422.0,4742.2,2019-09-18,https://www.nea.gov.cn/2019-09/18/c_138400868.htm,fontes_html/33f387f0ec9894282682.html,1-8月，全社会用电量累计47422亿千瓦时
2019,7,mensal,6672.0,667.2,2019-08-16,https://www.nea.gov.cn/2019-08/16/c_138313369.htm,fontes_html/b7e75470f88c54133344.html,7月份，全社会用电量6672亿千瓦时
2019,7,acumulado,40652.0,4065.2,2019-08-16,https://www.nea.gov.cn/2019-08/16/c_138313369.htm,fontes_html/b7e75470f88c54133344.html,1-7月，全社会用电量累计40652亿千瓦时
2019,6,mensal,5987.0,598.7,2019-07-16,https://www.nea.gov.cn/2019-07/16/c_138231510.htm,fontes_html/42e4ea668fc45be84f1e.html,6月份，全社会用电量5987亿千瓦时
2019,6,acumulado,33980.0,3398.0,2019-07-16,https://www.nea.gov.cn/2019-07/16/c_138231510.htm,fontes_html/42e4ea668fc45be84f1e.html,1-6月，全社会用电量累计33980亿千瓦时
2019,5,mensal,5665.0,566.5,2019-06-14,https://www.nea.gov.cn/2019-06/14/c_138144020.htm,fontes_html/ab6ccef8b0b1e6559fe8.html,5月份，全社会用电量5665亿千瓦时
2019,5,acumulado,27993.0,2799.3,2019-06-14,https://www.nea.gov.cn/2019-06/14/c_138144020.htm,fontes_html/ab6ccef8b0b1e6559fe8.html,1-5月，全社会用电量累计27993亿千瓦时
2019,4,mensal,5534.0,553.4,2019-05-16,https://www.nea.gov.cn/2019-05/16/c_138063559.htm,fontes_html/2423c72ce75bca5b1c5f.html,4月份，全社会用电量5534亿千瓦时
2019,4,acumulado,22329.0,2232.9,2019-05-16,https://www.nea.gov.cn/2019-05/16/c_138063559.htm,fontes_html/2423c72ce75bca5b1c5f.html,1-4月，全社会用电量累计22329亿千瓦时
2019,3,mensal,5732.0,573.2,2019-04-19,https://www.nea.gov.cn/2019-04/19/c_137990693.htm,fontes_html/09092b795ca59bd44510.html,3月份，全社会用电量5732亿千瓦时
2019,3,acumulado,16795.0,1679.5,2019-04-19,https://www.nea.gov.cn/2019-04/19/c_137990693.htm,fontes_html/09092b795ca59bd44510.html,1-3月，全社会用电量累计16795亿千瓦时
2019,2,mensal,4891.0,489.1,2019-03-20,https://www.nea.gov.cn/2019-03/20/c_137910037.htm,fontes_html/4b92733981d38ed17e36.html,2月份，全社会用电量4891亿千瓦时
2019,2,acumulado,11063.0,1106.3,2019-03-20,https://www.nea.gov.cn/2019-03/20/c_137910037.htm,fontes_html/4b92733981d38ed17e36.html,1-2月，全社会用电量累计11063亿千瓦时
2018,12,anual,68449.0,6844.9,2019-01-18,https://www.nea.gov.cn/2019-01/18/c_137754978.htm,fontes_html/997b0be156ccdea03251.html,2018年，全社会用电量68449亿千瓦时
2018,11,mensal,5647.0,564.7,2018-12-20,https://www.nea.gov.cn/2018-12/20/c_137687431.htm,fontes_html/d0ce15bff29affe01d16.html,11月份，全社会用电量5647亿千瓦时
2018,11,acumulado,62199.0,6219.9,2018-12-20,https://www.nea.gov.cn/2018-12/20/c_137687431.htm,fontes_html/d0ce15bff29affe01d16.html,1-11月，全社会用电量累计62199亿千瓦时
2018,10,mensal,5481.0,548.1,2018-11-16,https://www.nea.gov.cn/2018-11/16/c_137611723.htm,fontes_html/4eef01010103fdf2b1f6.html,10月份，全社会用电量5481亿千瓦时
2018,10,acumulado,56552.0,5655.2,2018-11-16,https://www.nea.gov.cn/2018-11/16/c_137611723.htm,fontes_html/4eef01010103fdf2b1f6.html,1-10月，全社会用电量累计56552亿千瓦时
2018,9,mensal,5742.0,574.2,2018-10-22,https://www.nea.gov.cn/2018-10/22/c_137550150.htm,fontes_html/dd737ae2f617537ea081.html,9月份，全社会用电量5742亿千瓦时
2018,9,acumulado,51061.0,5106.1,2018-10-22,https://www.nea.gov.cn/2018-10/22/c_137550150.htm,fontes_html/dd737ae2f617537ea081.html,1-9月，全社会用电量累计51061亿千瓦时
2018,8,mensal,6521.0,652.1,2018-09-18,https://www.nea.gov.cn/2018-09/18/c_137476373.htm,fontes_html/259ad1ad668de601c8b8.html,8月份，全社会用电量6521亿千瓦时
2018,8,acumulado,45296.0,4529.6,2018-09-18,https://www.nea.gov.cn/2018-09/18/c_137476373.htm,fontes_html/259ad1ad668de601c8b8.html,1-8月，全社会用电量累计45296亿千瓦时
2018,7,mensal,6484.0,648.4,2018-08-17,https://www.nea.gov.cn/2018-08/17/c_137398024.htm,fontes_html/601ff98e4e89e3f0d58f.html,7月份，全社会用电量6484亿千瓦时
2018,7,acumulado,38775.0,3877.5,2018-08-17,https://www.nea.gov.cn/2018-08/17/c_137398024.htm,fontes_html/601ff98e4e89e3f0d58f.html,1-7月，全社会用电量累计38775亿千瓦时
2018,6,mensal,5663.0,566.3,2018-07-13,https://www.nea.gov.cn/2018-07/13/c_137322013.htm,fontes_html/09345a4b79db245d5d53.html,6月份，全社会用电量5663亿千瓦时
2018,6,acumulado,32291.0,3229.1,2018-07-13,https://www.nea.gov.cn/2018-07/13/c_137322013.htm,fontes_html/09345a4b79db245d5d53.html,1-6月，全社会用电量累计32291亿千瓦时
2018,5,mensal,5534.0,553.4,2018-06-20,https://www.nea.gov.cn/2018-06/20/c_137268133.htm,fontes_html/33cd27073228f779e72d.html,5月份，全社会用电量5534亿千瓦时
2018,5,acumulado,26628.0,2662.8,2018-06-20,https://www.nea.gov.cn/2018-06/20/c_137268133.htm,fontes_html/33cd27073228f779e72d.html,1-5月，全社会用电量累计26628亿千瓦时
2018,4,mensal,5217.0,521.7,2018-05-14,https://www.nea.gov.cn/2018-05/14/c_137178201.htm,fontes_html/5d47653b0e65c43137b0.html,4月份，全社会用电量5217亿千瓦时
2018,4,acumulado,21094.0,2109.4,2018-05-14,https://www.nea.gov.cn/2018-05/14/c_137178201.htm,fontes_html/5d47653b0e65c43137b0.html,1-4月，全社会用电量累计21094亿千瓦时
2018,3,mensal,5325.0,532.5,2018-04-13,https://www.nea.gov.cn/2018-04/13/c_137108797.htm,fontes_html/5e1b86e1834f90bfebc9.html,3月份，全社会用电量5325亿千瓦时
2018,3,acumulado,15878.0,1587.8,2018-04-13,https://www.nea.gov.cn/2018-04/13/c_137108797.htm,fontes_html/5e1b86e1834f90bfebc9.html,1-3月，全社会用电量累计15878亿千瓦时
2018,2,mensal,4557.0,455.7,2018-03-20,https://www.nea.gov.cn/2018-03/20/c_137052579.htm,fontes_html/fcd7fce0b0bdc2a0d0f3.html,2月份，全社会用电量4557亿千瓦时
2018,2,acumulado,10552.0,1055.2,2018-03-20,https://www.nea.gov.cn/2018-03/20/c_137052579.htm,fontes_html/fcd7fce0b0bdc2a0d0f3.html,1-2月，全国全社会用电量累计10552亿千瓦时
2017,12,anual,63077.0,6307.7,2018-01-22,https://www.nea.gov.cn/2018-01/22/c_136914159.htm,fontes_html/0d954998bf1a8f556006.html,2017年，全社会用电量63077亿千瓦时
2017,11,mensal,5310.0,531.0,2017-12-15,https://www.nea.gov.cn/2017-12/15/c_136828885.htm,fontes_html/4fb4658685c917be9874.html,11月份，全社会用电量5310亿千瓦时
2017,11,acumulado,57331.0,5733.1,2017-12-15,https://www.nea.gov.cn/2017-12/15/c_136828885.htm,fontes_html/4fb4658685c917be9874.html,1-11月，全社会用电量累计57331亿千瓦时
2017,9,mensal,5317.0,531.7,2017-10-13,https://www.nea.gov.cn/2017-10/13/c_136677416.htm,fontes_html/c534699f473b9f2f4737.html,9月份，全社会用电量5317亿千瓦时
2017,9,acumulado,46888.0,4688.8,2017-10-13,https://www.nea.gov.cn/2017-10/13/c_136677416.htm,fontes_html/c534699f473b9f2f4737.html,1-9月，全社会用电量累计46888亿千瓦时
2017,8,mensal,5991.0,599.1,2017-09-15,https://www.nea.gov.cn/2017-09/15/c_136612766.htm,fontes_html/5073387c8e57caea6d5a.html,8月份，全社会用电量5991亿千瓦时
2017,8,acumulado,41571.0,4157.1,2017-09-15,https://www.nea.gov.cn/2017-09/15/c_136612766.htm,fontes_html/5073387c8e57caea6d5a.html,1-8月，全社会用电量累计41571亿千瓦时
2017,7,mensal,6072.0,607.2,2017-08-15,https://www.nea.gov.cn/2017-08/15/c_136527396.htm,fontes_html/83a6f8817c04f07136b9.html,7月份，全社会用电量6072亿千瓦时
2017,7,acumulado,35578.0,3557.8,2017-08-15,https://www.nea.gov.cn/2017-08/15/c_136527396.htm,fontes_html/83a6f8817c04f07136b9.html,1~7月，全社会用电量累计35578亿千瓦时
2017,5,mensal,4968.0,496.8,2017-06-14,https://www.nea.gov.cn/2017-06/14/c_136365269.htm,fontes_html/bc5770e7f8fa31107815.html,5月份，全社会用电量4968亿千瓦时
2017,5,acumulado,24263.0,2426.3,2017-06-14,https://www.nea.gov.cn/2017-06/14/c_136365269.htm,fontes_html/bc5770e7f8fa31107815.html,1-5月，全社会用电量累计24263亿千瓦时
2017,4,mensal,4847.0,484.7,2017-05-12,https://www.nea.gov.cn/2017-05/12/c_136275968.htm,fontes_html/15150c8ba9f02d9d3b59.html,4月份，全社会用电量4847亿千瓦时
2017,4,acumulado,19309.0,1930.9,2017-05-12,https://www.nea.gov.cn/2017-05/12/c_136275968.htm,fontes_html/15150c8ba9f02d9d3b59.html,1-4月，全社会用电量累计19309亿千瓦时
2017,3,mensal,5139.0,513.9,2017-04-14,https://www.nea.gov.cn/2017-04/14/c_136209280.htm,fontes_html/2f1bbb1227902f718f06.html,3月份，全社会用电量5139亿千瓦时
2017,3,acumulado,14461.0,1446.1,2017-04-14,https://www.nea.gov.cn/2017-04/14/c_136209280.htm,fontes_html/2f1bbb1227902f718f06.html,1-3月，全社会用电量累计14461亿千瓦时
2017,2,mensal,4488.0,448.8,2017-03-17,https://www.nea.gov.cn/2017-03/17/c_136136326.htm,fontes_html/535ec3670e8c20d0d8c2.html,2月份，全社会用电量4488亿千瓦时
2017,2,acumulado,9356.0,935.6,2017-03-17,https://www.nea.gov.cn/2017-03/17/c_136136326.htm,fontes_html/535ec3670e8c20d0d8c2.html,1-2月，全国全社会用电量累计9356亿千瓦时
2016,12,anual,59198.0,5919.8,2017-01-16,https://www.nea.gov.cn/2017-01/16/c_135986964.htm,fontes_html/9582067d3ae6c490a58b.html,2016年，全社会用电量59198亿千瓦时
2016,11,mensal,5072.0,507.2,2016-12-15,https://www.nea.gov.cn/2016-12/15/c_135907156.htm,fontes_html/67a13990bc591d0305b3.html,11月份，全社会用电量5072亿千瓦时
2016,11,acumulado,53847.0,5384.7,2016-12-15,https://www.nea.gov.cn/2016-12/15/c_135907156.htm,fontes_html/67a13990bc591d0305b3.html,1-11月，全国全社会用电量累计53847亿千瓦时
2016,10,mensal,4890.0,489.0,2016-11-16,https://www.nea.gov.cn/2016-11/16/c_135834653.htm,fontes_html/150a4283bcffead78ae6.html,10月份，全社会用电量4890亿千瓦时
2016,10,acumulado,48776.0,4877.6,2016-11-16,https://www.nea.gov.cn/2016-11/16/c_135834653.htm,fontes_html/150a4283bcffead78ae6.html,1-10月，全国全社会用电量累计48776亿千瓦时
2016,9,mensal,4965.0,496.5,2016-10-17,https://www.nea.gov.cn/2016-10/17/c_135760946.htm,fontes_html/26bff2005de7de71598b.html,9月份，全社会用电量4965亿千瓦时
2016,9,acumulado,43885.0,4388.5,2016-10-17,https://www.nea.gov.cn/2016-10/17/c_135760946.htm,fontes_html/26bff2005de7de71598b.html,1-9月，全国全社会用电量累计43885亿千瓦时
2016,8,mensal,5631.0,563.1,2016-09-18,https://www.nea.gov.cn/2016-09/18/c_135694559.htm,fontes_html/18a9aac7d79ee7d56629.html,8月份，全社会用电量5631亿千瓦时
2016,8,acumulado,38920.0,3892.0,2016-09-18,https://www.nea.gov.cn/2016-09/18/c_135694559.htm,fontes_html/18a9aac7d79ee7d56629.html,1-8月，全国全社会用电量累计38920亿千瓦时
2016,7,mensal,5523.0,552.3,2016-08-16,https://www.nea.gov.cn/2016-08/16/c_135604054.htm,fontes_html/a210ac7cd9c065a70b54.html,7月份，全社会用电量5523亿千瓦时
2016,7,acumulado,33289.0,3328.9,2016-08-16,https://www.nea.gov.cn/2016-08/16/c_135604054.htm,fontes_html/a210ac7cd9c065a70b54.html,1-7月，全国全社会用电量累计33289亿千瓦时
2016,6,mensal,4925.0,492.5,2016-07-15,https://www.nea.gov.cn/2016-07/15/c_135516219.htm,fontes_html/edf013b40c4ed8427132.html,6月份，用电量4925亿千瓦时
2016,6,acumulado,27759.0,2775.9,2016-07-15,https://www.nea.gov.cn/2016-07/15/c_135516219.htm,fontes_html/edf013b40c4ed8427132.html,1-6月，全国全社会用电量累计27759亿千瓦时
2016,5,mensal,4730.0,473.0,2016-06-15,https://www.nea.gov.cn/2016-06/15/c_135439051.htm,fontes_html/7ccd2078c6f695774c89.html,5月份，全社会用电量4730亿千瓦时
2016,5,acumulado,22824.0,2282.4,2016-06-15,https://www.nea.gov.cn/2016-06/15/c_135439051.htm,fontes_html/7ccd2078c6f695774c89.html,1-5月，全国全社会用电量累计22824亿千瓦时
2016,4,mensal,4569.0,456.9,2016-05-18,https://www.nea.gov.cn/2016-05/18/c_135367992.htm,fontes_html/88b27bb9fa73a345c225.html,4月份，全社会用电量4569亿千瓦时
2016,4,acumulado,18093.0,1809.3,2016-05-18,https://www.nea.gov.cn/2016-05/18/c_135367992.htm,fontes_html/88b27bb9fa73a345c225.html,1-4月，全国全社会用电量累计18093亿千瓦时
2016,3,mensal,4762.0,476.2,2016-04-15,https://www.nea.gov.cn/2016-04/15/c_135282340.htm,fontes_html/a85bd80fa46a444e8177.html,3月份，全社会用电量4762亿千瓦时
2016,3,acumulado,13524.0,1352.4,2016-04-15,https://www.nea.gov.cn/2016-04/15/c_135282340.htm,fontes_html/a85bd80fa46a444e8177.html,1-3月，全国全社会用电量累计13524亿千瓦时
2016,2,mensal,3812.0,381.2,2016-03-16,https://www.nea.gov.cn/2016-03/16/c_135194541.htm,fontes_html/3eb3de571554ce24124a.html,2月份，全社会用电量3812亿千瓦时
2016,2,acumulado,8762.0,876.2,2016-03-16,https://www.nea.gov.cn/2016-03/16/c_135194541.htm,fontes_html/3eb3de571554ce24124a.html,1-2月，全国全社会用电量累计8762亿千瓦时
2015,11,mensal,4658.0,465.8,2015-12-16,https://www.nea.gov.cn/2015-12/16/c_134923765.htm,fontes_html/f0ef7a24a2c4f7dd9189.html,11月份，全社会用电量4658亿千瓦时
2015,11,acumulado,50493.0,5049.3,2015-12-16,https://www.nea.gov.cn/2015-12/16/c_134923765.htm,fontes_html/f0ef7a24a2c4f7dd9189.html,1-11月，全国全社会用电量累计50493亿千瓦时
2015,10,mensal,4491.0,449.1,2015-11-16,https://www.nea.gov.cn/2015-11/16/c_134821470.htm,fontes_html/ad08e7de035ff3e42cd8.html,10月份，全社会用电量4491亿千瓦时
2015,10,acumulado,45835.0,4583.5,2015-11-16,https://www.nea.gov.cn/2015-11/16/c_134821470.htm,fontes_html/ad08e7de035ff3e42cd8.html,1-10月，全国全社会用电量累计45835亿千瓦时
2015,9,mensal,4563.0,456.3,2015-10-19,https://www.nea.gov.cn/2015-10/19/c_134727170.htm,fontes_html/c3166782f7dfe850af19.html,9月份，全社会用电量4563亿千瓦时
2015,9,acumulado,41344.0,4134.4,2015-10-19,https://www.nea.gov.cn/2015-10/19/c_134727170.htm,fontes_html/c3166782f7dfe850af19.html,1-9月，全国全社会用电量累计41344亿千瓦时
2015,8,mensal,5124.0,512.4,2015-09-15,https://www.nea.gov.cn/2015-09/15/c_134625502.htm,fontes_html/e79ac375bb0c51eccd9f.html,8月份，全社会用电量5124亿千瓦时
2015,8,acumulado,36780.0,3678.0,2015-09-15,https://www.nea.gov.cn/2015-09/15/c_134625502.htm,fontes_html/e79ac375bb0c51eccd9f.html,1-8月，全国全社会用电量累计36780亿千瓦时
2015,7,mensal,5034.0,503.4,2015-08-14,https://www.nea.gov.cn/2015-08/14/c_134517626.htm,fontes_html/2b479d5c8838c3eba908.html,7月份，全社会用电量5034亿千瓦时
2015,7,acumulado,31668.0,3166.8,2015-08-14,https://www.nea.gov.cn/2015-08/14/c_134517626.htm,fontes_html/2b479d5c8838c3eba908.html,1-7月，全国全社会用电量累计31668亿千瓦时
2015,6,mensal,4723.0,472.3,2015-07-15,https://www.nea.gov.cn/2015-07/15/c_134414315.htm,fontes_html/83e5acc71745a3cddae0.html,6月份，全社会用电量4723亿千瓦时
2015,6,acumulado,26624.0,2662.4,2015-07-15,https://www.nea.gov.cn/2015-07/15/c_134414315.htm,fontes_html/83e5acc71745a3cddae0.html,1-6月，全国全社会用电量累计26624亿千瓦时
2015,5,mensal,4567.0,456.7,2015-06-15,https://www.nea.gov.cn/2015-06/15/c_134328029.htm,fontes_html/bff437272c76827de474.html,5月份，全社会用电量4567亿千瓦时
2015,5,acumulado,21889.0,2188.9,2015-06-15,https://www.nea.gov.cn/2015-06/15/c_134328029.htm,fontes_html/bff437272c76827de474.html,1-5月，全国全社会用电量累计21889亿千瓦时
2015,4,mensal,4415.0,441.5,2015-05-14,https://www.nea.gov.cn/2015-05/14/c_134239299.htm,fontes_html/949c8d484a5fc11fbae5.html,4月份，全社会用电量4415亿千瓦时
2015,4,acumulado,17316.0,1731.6,2015-05-14,https://www.nea.gov.cn/2015-05/14/c_134239299.htm,fontes_html/949c8d484a5fc11fbae5.html,1-4月，全国全社会用电量累计17316亿千瓦时
2015,3,mensal,4448.0,444.8,2015-04-16,https://www.nea.gov.cn/2015-04/16/c_134155763.htm,fontes_html/aebbb656ea75931a6cb0.html,3月份，全社会用电量4448亿千瓦时
2015,3,acumulado,12901.0,1290.1,2015-04-16,https://www.nea.gov.cn/2015-04/16/c_134155763.htm,fontes_html/aebbb656ea75931a6cb0.html,1-3月，全国全社会用电量累计12901亿千瓦时
2015,2,mensal,3595.0,359.5,2015-03-16,https://www.nea.gov.cn/2015-03/16/c_134070233.htm,fontes_html/00f143f9950b10cf5a38.html,2月份，全社会用电量3595亿千瓦时
2015,2,acumulado,8454.0,845.4,2015-03-16,https://www.nea.gov.cn/2015-03/16/c_134070233.htm,fontes_html/00f143f9950b10cf5a38.html,1-2月，全国全社会用电量累计8454亿千瓦时
2024,11,mensal,7849.0,784.9,2024-12-19,https://www.nea.gov.cn/20241219/4130c6eff80341cca0b06da153624bfa/c.html,fontes_html/5f55438eb59807959e9d.html,11月份，全社会用电量7849亿千瓦时
2024,11,acumulado,89686.0,8968.6,2024-12-19,https://www.nea.gov.cn/20241219/4130c6eff80341cca0b06da153624bfa/c.html,fontes_html/5f55438eb59807959e9d.html,1～11月，全社会用电量累计89686亿千瓦时
2024,12,anual,98521.0,9852.1,2025-01-20,https://www.nea.gov.cn/20250120/4f7f249bac714e7693adecac996d742f/c.html,fontes_html/5330fb613f2309a3c9b6.html,2024年，全社会用电量98521亿千瓦时
2017,6,mensal,5244.0,524.4,2017-07-13,https://www.nea.gov.cn/2017-07/13/c_136441228.htm,fontes_html/87d5ba0c3488188d6a97.html,6月份，全社会用电量5244亿千瓦时
2017,6,acumulado,29508.0,2950.8,2017-07-13,https://www.nea.gov.cn/2017-07/13/c_136441228.htm,fontes_html/87d5ba0c3488188d6a97.html,1-6月，全社会用电量累计29508亿千瓦时
2017,10,mensal,5130.0,513.0,2017-11-14,https://www.nea.gov.cn/2017-11/14/c_136751789.htm,fontes_html/0b4c750ed3afb895107f.html,10月份，全社会用电量5130亿千瓦时
2017,10,acumulado,52018.0,5201.8,2017-11-14,https://www.nea.gov.cn/2017-11/14/c_136751789.htm,fontes_html/0b4c750ed3afb895107f.html,1-10月，全社会用电量累计52018亿千瓦时
2015,12,anual,55500.0,5550.0,2016-01-15,https://www.nea.gov.cn/2016-01/15/c_135013789.htm,fontes_html/9edb6f021627a8a96db6.html,2015年，全社会用电量55500亿千瓦时
2022,4,mensal,6362.0,636.2,2022-05-16,https://www.nea.gov.cn/2022-05/16/c_1310594831.htm,fontes_html/a4d28ce035294546bac4.html,4月份，全社会用电量6362亿千瓦时
2022,4,acumulado,26809.0,2680.9,2022-05-16,https://www.nea.gov.cn/2022-05/16/c_1310594831.htm,fontes_html/a4d28ce035294546bac4.html,1~4月，全社会用电量累计26809亿千瓦时
2023,5,mensal,7222.0,722.2,2023-06-16,https://obor.nea.gov.cn/detail/19346.html,fontes_html/2e6389e23b0e6a769c33.html,5月份，全社会用电量7222亿千瓦时
2023,5,acumulado,35325.0,3532.5,2023-06-16,https://obor.nea.gov.cn/detail/19346.html,fontes_html/2e6389e23b0e6a769c33.html,今年1至5月，全社会用电量累计35325亿千瓦时
